{"level":"info","message":{"file":"database.js","function":"testConnection","level":"info","message":"Database connection established successfully","service":"user-service","timestamp":"2025-08-11T01:45:36.760Z"},"timestamp":"2025-08-11T01:45:36.769Z"}
{"level":"info","message":{"environment":"production","file":"index.js","function":"startServer","level":"info","message":"user-service listening on port 3001","port":3001,"service":"user-service","timestamp":"2025-08-11T01:45:36.778Z"},"timestamp":"2025-08-11T01:45:36.781Z"}
{"level":"info","message":{"file":"index.js","function":"gracefulShutdown","level":"info","message":"SIGTERM received, shutting down gracefully","signal":"SIGTERM","timestamp":"2025-08-11T01:51:49.884Z"},"timestamp":"2025-08-11T01:51:49.979Z"}
{"level":"info","message":{"file":"database.js","function":"testConnection","level":"info","message":"Database connection established successfully","service":"user-service","timestamp":"2025-08-11T01:53:01.712Z"},"timestamp":"2025-08-11T01:53:01.720Z"}
{"level":"info","message":{"environment":"production","file":"index.js","function":"startServer","level":"info","message":"user-service listening on port 3001","port":3001,"service":"user-service","timestamp":"2025-08-11T01:53:01.728Z"},"timestamp":"2025-08-11T01:53:01.729Z"}
{"level":"info","message":{"file":"91","function":"/health","level":"info","message":"Health check endpoint hit","timestamp":"2025-08-11T01:54:58.940Z"},"timestamp":"2025-08-11T01:54:58.942Z"}
{"level":"info","message":{"file":"index.js","function":"requestLogger","ip":"::ffff:172.21.0.1","level":"info","message":">>>>> HTTP GET Request recieved at /health URL with payload {}>>>>>","method":"GET","statusCode":200,"timestamp":"2025-08-11T01:54:58.948Z","url":"/health"},"timestamp":"2025-08-11T01:54:58.949Z"}
{"level":"info","message":{"file":"index.js","function":"requestLogger","ip":"::ffff:172.21.0.1","level":"info","message":">>>>> HTTP GET Request recieved at /health URL with payload {}>>>>>","method":"GET","statusCode":200,"timestamp":"2025-08-11T01:54:58.949Z","url":"/health"},"timestamp":"2025-08-11T01:54:58.950Z"}
{"level":"info","message":{"file":"index.js","function":"gracefulShutdown","level":"info","message":"SIGTERM received, shutting down gracefully","signal":"SIGTERM","timestamp":"2025-08-11T01:57:33.528Z"},"timestamp":"2025-08-11T01:57:33.536Z"}
{"level":"info","message":{"file":"database.js","function":"disconnect","level":"info","message":"Database connection closed gracefully","service":"user-service","timestamp":"2025-08-11T01:57:33.559Z"},"timestamp":"2025-08-11T01:57:33.560Z"}
{"level":"info","message":{"file":"database.js","function":"testConnection","level":"info","message":"Database connection established successfully","service":"user-service","timestamp":"2025-08-11T01:57:38.411Z"},"timestamp":"2025-08-11T01:57:38.415Z"}
{"level":"info","message":{"environment":"production","file":"index.js","function":"startServer","level":"info","message":"user-service listening on port 3001","port":3001,"service":"user-service","timestamp":"2025-08-11T01:57:38.418Z"},"timestamp":"2025-08-11T01:57:38.419Z"}
{"level":"info","message":{"file":"index.js","function":"gracefulShutdown","level":"info","message":"SIGTERM received, shutting down gracefully","signal":"SIGTERM","timestamp":"2025-08-11T02:04:56.570Z"},"timestamp":"2025-08-11T02:04:56.577Z"}
{"level":"info","message":{"file":"database.js","function":"disconnect","level":"info","message":"Database connection closed gracefully","service":"user-service","timestamp":"2025-08-11T02:04:56.595Z"},"timestamp":"2025-08-11T02:04:56.596Z"}
{"level":"info","message":{"file":"database.js","function":"testConnection","level":"info","message":"Database connection established successfully","service":"user-service","timestamp":"2025-08-11T02:07:03.955Z"},"timestamp":"2025-08-11T02:07:03.959Z"}
{"level":"info","message":{"environment":"production","file":"index.js","function":"startServer","level":"info","message":"user-service listening on port 3001","port":3001,"service":"user-service","timestamp":"2025-08-11T02:07:03.962Z"},"timestamp":"2025-08-11T02:07:03.963Z"}
{"level":"info","message":{"file":"91","function":"/health","level":"info","message":"Health check endpoint hit","timestamp":"2025-08-11T02:10:40.854Z"},"timestamp":"2025-08-11T02:10:40.857Z"}
{"level":"info","message":{"file":"index.js","function":"requestLogger","ip":"::ffff:172.21.0.1","level":"info","message":">>>>> HTTP GET Request recieved at /health URL with payload {}>>>>>","method":"GET","statusCode":200,"timestamp":"2025-08-11T02:10:40.866Z","url":"/health"},"timestamp":"2025-08-11T02:10:40.867Z"}
{"level":"info","message":{"file":"index.js","function":"requestLogger","ip":"::ffff:172.21.0.1","level":"info","message":">>>>> HTTP GET Request recieved at /health URL with payload {}>>>>>","method":"GET","statusCode":200,"timestamp":"2025-08-11T02:10:40.868Z","url":"/health"},"timestamp":"2025-08-11T02:10:40.869Z"}
{"level":"info","message":{"file":"index.js","function":"gracefulShutdown","level":"info","message":"SIGTERM received, shutting down gracefully","signal":"SIGTERM","timestamp":"2025-08-11T02:15:02.184Z"},"timestamp":"2025-08-11T02:15:02.185Z"}
{"level":"info","message":{"file":"database.js","function":"disconnect","level":"info","message":"Database connection closed gracefully","service":"user-service","timestamp":"2025-08-11T02:15:02.195Z"},"timestamp":"2025-08-11T02:15:02.195Z"}
{"level":"info","message":{"file":"database.js","function":"testConnection","level":"info","message":"Database connection established successfully","service":"user-service","timestamp":"2025-08-11T02:15:03.388Z"},"timestamp":"2025-08-11T02:15:03.395Z"}
{"level":"info","message":{"environment":"production","file":"index.js","function":"startServer","level":"info","message":"user-service listening on port 3001","port":3001,"service":"user-service","timestamp":"2025-08-11T02:15:03.397Z"},"timestamp":"2025-08-11T02:15:03.399Z"}
{"level":"info","message":{"file":"index.js","function":"gracefulShutdown","level":"info","message":"SIGTERM received, shutting down gracefully","signal":"SIGTERM","timestamp":"2025-08-11T02:29:38.392Z"},"timestamp":"2025-08-11T02:29:38.399Z"}
{"level":"info","message":{"file":"database.js","function":"disconnect","level":"info","message":"Database connection closed gracefully","service":"user-service","timestamp":"2025-08-11T02:29:38.410Z"},"timestamp":"2025-08-11T02:29:38.413Z"}
{"level":"info","message":{"file":"database.js","function":"testConnection","level":"info","message":"Database connection established successfully","service":"user-service","timestamp":"2025-08-11T02:29:40.764Z"},"timestamp":"2025-08-11T02:29:40.772Z"}
{"level":"info","message":{"environment":"production","file":"index.js","function":"startServer","level":"info","message":"user-service listening on port 3001","port":3001,"service":"user-service","timestamp":"2025-08-11T02:29:40.784Z"},"timestamp":"2025-08-11T02:29:40.787Z"}
{"level":"info","message":{"file":"index.js","function":"gracefulShutdown","level":"info","message":"SIGTERM received, shutting down gracefully","signal":"SIGTERM","timestamp":"2025-08-11T02:33:55.124Z"},"timestamp":"2025-08-11T02:33:55.127Z"}
{"level":"info","message":{"file":"database.js","function":"disconnect","level":"info","message":"Database connection closed gracefully","service":"user-service","timestamp":"2025-08-11T02:33:55.147Z"},"timestamp":"2025-08-11T02:33:55.148Z"}
{"level":"info","message":{"file":"database.js","function":"testConnection","level":"info","message":"Database connection established successfully","service":"user-service","timestamp":"2025-08-11T02:35:20.294Z"},"timestamp":"2025-08-11T02:35:20.301Z"}
{"level":"info","message":{"environment":"production","file":"index.js","function":"startServer","level":"info","message":"user-service listening on port 3001","port":3001,"service":"user-service","timestamp":"2025-08-11T02:35:20.304Z"},"timestamp":"2025-08-11T02:35:20.305Z"}
{"level":"info","message":{"file":"91","function":"/health","level":"info","message":"Health check endpoint hit","timestamp":"2025-08-11T02:35:25.901Z"},"timestamp":"2025-08-11T02:35:25.902Z"}
{"level":"info","message":{"file":"index.js","function":"requestLogger","ip":"::1","level":"info","message":">>>>> HTTP GET Request recieved at /health URL with payload {}>>>>>","method":"GET","statusCode":200,"timestamp":"2025-08-11T02:35:25.907Z","url":"/health"},"timestamp":"2025-08-11T02:35:25.908Z"}
{"level":"info","message":{"file":"index.js","function":"requestLogger","ip":"::1","level":"info","message":">>>>> HTTP GET Request recieved at /health URL with payload {}>>>>>","method":"GET","statusCode":200,"timestamp":"2025-08-11T02:35:25.908Z","url":"/health"},"timestamp":"2025-08-11T02:35:25.910Z"}
{"level":"info","message":{"file":"91","function":"/health","level":"info","message":"Health check endpoint hit","timestamp":"2025-08-11T02:35:53.291Z"},"timestamp":"2025-08-11T02:35:53.292Z"}
{"level":"info","message":{"file":"index.js","function":"requestLogger","ip":"::1","level":"info","message":">>>>> HTTP GET Request recieved at /health URL with payload {}>>>>>","method":"GET","statusCode":200,"timestamp":"2025-08-11T02:35:53.293Z","url":"/health"},"timestamp":"2025-08-11T02:35:53.294Z"}
{"level":"info","message":{"file":"index.js","function":"requestLogger","ip":"::1","level":"info","message":">>>>> HTTP GET Request recieved at /health URL with payload {}>>>>>","method":"GET","statusCode":200,"timestamp":"2025-08-11T02:35:53.294Z","url":"/health"},"timestamp":"2025-08-11T02:35:53.294Z"}
{"level":"info","message":{"file":"91","function":"/health","level":"info","message":"Health check endpoint hit","timestamp":"2025-08-11T02:36:20.680Z"},"timestamp":"2025-08-11T02:36:20.681Z"}
{"level":"info","message":{"file":"index.js","function":"requestLogger","ip":"::1","level":"info","message":">>>>> HTTP GET Request recieved at /health URL with payload {}>>>>>","method":"GET","statusCode":200,"timestamp":"2025-08-11T02:36:20.682Z","url":"/health"},"timestamp":"2025-08-11T02:36:20.683Z"}
{"level":"info","message":{"file":"index.js","function":"requestLogger","ip":"::1","level":"info","message":">>>>> HTTP GET Request recieved at /health URL with payload {}>>>>>","method":"GET","statusCode":200,"timestamp":"2025-08-11T02:36:20.683Z","url":"/health"},"timestamp":"2025-08-11T02:36:20.683Z"}
{"level":"info","message":{"file":"91","function":"/health","level":"info","message":"Health check endpoint hit","timestamp":"2025-08-11T02:36:48.057Z"},"timestamp":"2025-08-11T02:36:48.058Z"}
{"level":"info","message":{"file":"index.js","function":"requestLogger","ip":"::1","level":"info","message":">>>>> HTTP GET Request recieved at /health URL with payload {}>>>>>","method":"GET","statusCode":200,"timestamp":"2025-08-11T02:36:48.058Z","url":"/health"},"timestamp":"2025-08-11T02:36:48.059Z"}
{"level":"info","message":{"file":"index.js","function":"requestLogger","ip":"::1","level":"info","message":">>>>> HTTP GET Request recieved at /health URL with payload {}>>>>>","method":"GET","statusCode":200,"timestamp":"2025-08-11T02:36:48.059Z","url":"/health"},"timestamp":"2025-08-11T02:36:48.059Z"}
{"level":"info","message":{"file":"91","function":"/health","level":"info","message":"Health check endpoint hit","timestamp":"2025-08-11T02:37:15.437Z"},"timestamp":"2025-08-11T02:37:15.437Z"}
{"level":"info","message":{"file":"index.js","function":"requestLogger","ip":"::1","level":"info","message":">>>>> HTTP GET Request recieved at /health URL with payload {}>>>>>","method":"GET","statusCode":200,"timestamp":"2025-08-11T02:37:15.438Z","url":"/health"},"timestamp":"2025-08-11T02:37:15.438Z"}
{"level":"info","message":{"file":"index.js","function":"requestLogger","ip":"::1","level":"info","message":">>>>> HTTP GET Request recieved at /health URL with payload {}>>>>>","method":"GET","statusCode":200,"timestamp":"2025-08-11T02:37:15.439Z","url":"/health"},"timestamp":"2025-08-11T02:37:15.439Z"}
{"level":"info","message":{"file":"91","function":"/health","level":"info","message":"Health check endpoint hit","timestamp":"2025-08-11T02:37:42.823Z"},"timestamp":"2025-08-11T02:37:42.823Z"}
{"level":"info","message":{"file":"index.js","function":"requestLogger","ip":"::1","level":"info","message":">>>>> HTTP GET Request recieved at /health URL with payload {}>>>>>","method":"GET","statusCode":200,"timestamp":"2025-08-11T02:37:42.824Z","url":"/health"},"timestamp":"2025-08-11T02:37:42.824Z"}
{"level":"info","message":{"file":"index.js","function":"requestLogger","ip":"::1","level":"info","message":">>>>> HTTP GET Request recieved at /health URL with payload {}>>>>>","method":"GET","statusCode":200,"timestamp":"2025-08-11T02:37:42.824Z","url":"/health"},"timestamp":"2025-08-11T02:37:42.825Z"}
{"level":"info","message":{"file":"index.js","function":"gracefulShutdown","level":"info","message":"SIGTERM received, shutting down gracefully","signal":"SIGTERM","timestamp":"2025-08-11T02:37:51.057Z"},"timestamp":"2025-08-11T02:37:51.058Z"}
{"level":"info","message":{"file":"database.js","function":"disconnect","level":"info","message":"Database connection closed gracefully","service":"user-service","timestamp":"2025-08-11T02:37:51.070Z"},"timestamp":"2025-08-11T02:37:51.071Z"}
{"level":"info","message":{"file":"database.js","function":"testConnection","level":"info","message":"Database connection established successfully","service":"user-service","timestamp":"2025-08-11T02:38:23.453Z"},"timestamp":"2025-08-11T02:38:23.458Z"}
{"level":"info","message":{"environment":"production","file":"index.js","function":"startServer","level":"info","message":"user-service listening on port 3001","port":3001,"service":"user-service","timestamp":"2025-08-11T02:38:23.461Z"},"timestamp":"2025-08-11T02:38:23.462Z"}
{"level":"info","message":{"file":"91","function":"/health","level":"info","message":"Health check endpoint hit","timestamp":"2025-08-11T02:38:28.039Z"},"timestamp":"2025-08-11T02:38:28.040Z"}
{"level":"info","message":{"file":"index.js","function":"requestLogger","ip":"::1","level":"info","message":">>>>> HTTP GET Request recieved at /health URL with payload {}>>>>>","method":"GET","statusCode":200,"timestamp":"2025-08-11T02:38:28.045Z","url":"/health"},"timestamp":"2025-08-11T02:38:28.046Z"}
{"level":"info","message":{"file":"index.js","function":"requestLogger","ip":"::1","level":"info","message":">>>>> HTTP GET Request recieved at /health URL with payload {}>>>>>","method":"GET","statusCode":200,"timestamp":"2025-08-11T02:38:28.047Z","url":"/health"},"timestamp":"2025-08-11T02:38:28.048Z"}
{"level":"info","message":{"file":"91","function":"/health","level":"info","message":"Health check endpoint hit","timestamp":"2025-08-11T02:38:55.432Z"},"timestamp":"2025-08-11T02:38:55.433Z"}
{"level":"info","message":{"file":"index.js","function":"requestLogger","ip":"::1","level":"info","message":">>>>> HTTP GET Request recieved at /health URL with payload {}>>>>>","method":"GET","statusCode":200,"timestamp":"2025-08-11T02:38:55.434Z","url":"/health"},"timestamp":"2025-08-11T02:38:55.434Z"}
{"level":"info","message":{"file":"index.js","function":"requestLogger","ip":"::1","level":"info","message":">>>>> HTTP GET Request recieved at /health URL with payload {}>>>>>","method":"GET","statusCode":200,"timestamp":"2025-08-11T02:38:55.434Z","url":"/health"},"timestamp":"2025-08-11T02:38:55.435Z"}
{"level":"info","message":{"file":"91","function":"/health","level":"info","message":"Health check endpoint hit","timestamp":"2025-08-11T02:39:22.812Z"},"timestamp":"2025-08-11T02:39:22.813Z"}
{"level":"info","message":{"file":"index.js","function":"requestLogger","ip":"::1","level":"info","message":">>>>> HTTP GET Request recieved at /health URL with payload {}>>>>>","method":"GET","statusCode":200,"timestamp":"2025-08-11T02:39:22.814Z","url":"/health"},"timestamp":"2025-08-11T02:39:22.815Z"}
{"level":"info","message":{"file":"index.js","function":"requestLogger","ip":"::1","level":"info","message":">>>>> HTTP GET Request recieved at /health URL with payload {}>>>>>","method":"GET","statusCode":200,"timestamp":"2025-08-11T02:39:22.815Z","url":"/health"},"timestamp":"2025-08-11T02:39:22.815Z"}
{"level":"info","message":{"file":"91","function":"/health","level":"info","message":"Health check endpoint hit","timestamp":"2025-08-11T02:39:50.213Z"},"timestamp":"2025-08-11T02:39:50.214Z"}
{"level":"info","message":{"file":"index.js","function":"requestLogger","ip":"::1","level":"info","message":">>>>> HTTP GET Request recieved at /health URL with payload {}>>>>>","method":"GET","statusCode":200,"timestamp":"2025-08-11T02:39:50.216Z","url":"/health"},"timestamp":"2025-08-11T02:39:50.218Z"}
{"level":"info","message":{"file":"index.js","function":"requestLogger","ip":"::1","level":"info","message":">>>>> HTTP GET Request recieved at /health URL with payload {}>>>>>","method":"GET","statusCode":200,"timestamp":"2025-08-11T02:39:50.218Z","url":"/health"},"timestamp":"2025-08-11T02:39:50.218Z"}
{"level":"info","message":{"file":"91","function":"/health","level":"info","message":"Health check endpoint hit","timestamp":"2025-08-11T02:40:17.610Z"},"timestamp":"2025-08-11T02:40:17.611Z"}
{"level":"info","message":{"file":"index.js","function":"requestLogger","ip":"::1","level":"info","message":">>>>> HTTP GET Request recieved at /health URL with payload {}>>>>>","method":"GET","statusCode":200,"timestamp":"2025-08-11T02:40:17.612Z","url":"/health"},"timestamp":"2025-08-11T02:40:17.613Z"}
{"level":"info","message":{"file":"index.js","function":"requestLogger","ip":"::1","level":"info","message":">>>>> HTTP GET Request recieved at /health URL with payload {}>>>>>","method":"GET","statusCode":200,"timestamp":"2025-08-11T02:40:17.613Z","url":"/health"},"timestamp":"2025-08-11T02:40:17.613Z"}
{"level":"info","message":{"file":"91","function":"/health","level":"info","message":"Health check endpoint hit","timestamp":"2025-08-11T02:40:44.990Z"},"timestamp":"2025-08-11T02:40:44.991Z"}
{"level":"info","message":{"file":"index.js","function":"requestLogger","ip":"::1","level":"info","message":">>>>> HTTP GET Request recieved at /health URL with payload {}>>>>>","method":"GET","statusCode":200,"timestamp":"2025-08-11T02:40:44.992Z","url":"/health"},"timestamp":"2025-08-11T02:40:44.992Z"}
{"level":"info","message":{"file":"index.js","function":"requestLogger","ip":"::1","level":"info","message":">>>>> HTTP GET Request recieved at /health URL with payload {}>>>>>","method":"GET","statusCode":200,"timestamp":"2025-08-11T02:40:44.992Z","url":"/health"},"timestamp":"2025-08-11T02:40:44.992Z"}
{"level":"info","message":{"file":"91","function":"/health","level":"info","message":"Health check endpoint hit","timestamp":"2025-08-11T02:41:12.353Z"},"timestamp":"2025-08-11T02:41:12.354Z"}
{"level":"info","message":{"file":"index.js","function":"requestLogger","ip":"::1","level":"info","message":">>>>> HTTP GET Request recieved at /health URL with payload {}>>>>>","method":"GET","statusCode":200,"timestamp":"2025-08-11T02:41:12.355Z","url":"/health"},"timestamp":"2025-08-11T02:41:12.355Z"}
{"level":"info","message":{"file":"index.js","function":"requestLogger","ip":"::1","level":"info","message":">>>>> HTTP GET Request recieved at /health URL with payload {}>>>>>","method":"GET","statusCode":200,"timestamp":"2025-08-11T02:41:12.355Z","url":"/health"},"timestamp":"2025-08-11T02:41:12.355Z"}
{"level":"info","message":{"file":"91","function":"/health","level":"info","message":"Health check endpoint hit","timestamp":"2025-08-11T02:41:39.754Z"},"timestamp":"2025-08-11T02:41:39.755Z"}
{"level":"info","message":{"file":"index.js","function":"requestLogger","ip":"::1","level":"info","message":">>>>> HTTP GET Request recieved at /health URL with payload {}>>>>>","method":"GET","statusCode":200,"timestamp":"2025-08-11T02:41:39.755Z","url":"/health"},"timestamp":"2025-08-11T02:41:39.756Z"}
{"level":"info","message":{"file":"index.js","function":"requestLogger","ip":"::1","level":"info","message":">>>>> HTTP GET Request recieved at /health URL with payload {}>>>>>","method":"GET","statusCode":200,"timestamp":"2025-08-11T02:41:39.756Z","url":"/health"},"timestamp":"2025-08-11T02:41:39.756Z"}
{"level":"info","message":{"file":"91","function":"/health","level":"info","message":"Health check endpoint hit","timestamp":"2025-08-11T02:42:07.156Z"},"timestamp":"2025-08-11T02:42:07.156Z"}
{"level":"info","message":{"file":"index.js","function":"requestLogger","ip":"::1","level":"info","message":">>>>> HTTP GET Request recieved at /health URL with payload {}>>>>>","method":"GET","statusCode":200,"timestamp":"2025-08-11T02:42:07.157Z","url":"/health"},"timestamp":"2025-08-11T02:42:07.158Z"}
{"level":"info","message":{"file":"index.js","function":"requestLogger","ip":"::1","level":"info","message":">>>>> HTTP GET Request recieved at /health URL with payload {}>>>>>","method":"GET","statusCode":200,"timestamp":"2025-08-11T02:42:07.158Z","url":"/health"},"timestamp":"2025-08-11T02:42:07.158Z"}
{"level":"info","message":{"file":"91","function":"/health","level":"info","message":"Health check endpoint hit","timestamp":"2025-08-11T02:42:34.522Z"},"timestamp":"2025-08-11T02:42:34.523Z"}
{"level":"info","message":{"file":"index.js","function":"requestLogger","ip":"::1","level":"info","message":">>>>> HTTP GET Request recieved at /health URL with payload {}>>>>>","method":"GET","statusCode":200,"timestamp":"2025-08-11T02:42:34.524Z","url":"/health"},"timestamp":"2025-08-11T02:42:34.524Z"}
{"level":"info","message":{"file":"index.js","function":"requestLogger","ip":"::1","level":"info","message":">>>>> HTTP GET Request recieved at /health URL with payload {}>>>>>","method":"GET","statusCode":200,"timestamp":"2025-08-11T02:42:34.524Z","url":"/health"},"timestamp":"2025-08-11T02:42:34.524Z"}
{"level":"info","message":{"file":"91","function":"/health","level":"info","message":"Health check endpoint hit","timestamp":"2025-08-11T02:43:01.930Z"},"timestamp":"2025-08-11T02:43:01.930Z"}
{"level":"info","message":{"file":"index.js","function":"requestLogger","ip":"::1","level":"info","message":">>>>> HTTP GET Request recieved at /health URL with payload {}>>>>>","method":"GET","statusCode":200,"timestamp":"2025-08-11T02:43:01.931Z","url":"/health"},"timestamp":"2025-08-11T02:43:01.931Z"}
{"level":"info","message":{"file":"index.js","function":"requestLogger","ip":"::1","level":"info","message":">>>>> HTTP GET Request recieved at /health URL with payload {}>>>>>","method":"GET","statusCode":200,"timestamp":"2025-08-11T02:43:01.931Z","url":"/health"},"timestamp":"2025-08-11T02:43:01.932Z"}
{"level":"info","message":{"file":"91","function":"/health","level":"info","message":"Health check endpoint hit","timestamp":"2025-08-11T02:43:29.311Z"},"timestamp":"2025-08-11T02:43:29.312Z"}
{"level":"info","message":{"file":"index.js","function":"requestLogger","ip":"::1","level":"info","message":">>>>> HTTP GET Request recieved at /health URL with payload {}>>>>>","method":"GET","statusCode":200,"timestamp":"2025-08-11T02:43:29.313Z","url":"/health"},"timestamp":"2025-08-11T02:43:29.313Z"}
{"level":"info","message":{"file":"index.js","function":"requestLogger","ip":"::1","level":"info","message":">>>>> HTTP GET Request recieved at /health URL with payload {}>>>>>","method":"GET","statusCode":200,"timestamp":"2025-08-11T02:43:29.313Z","url":"/health"},"timestamp":"2025-08-11T02:43:29.313Z"}
{"level":"info","message":{"file":"91","function":"/health","level":"info","message":"Health check endpoint hit","timestamp":"2025-08-11T02:43:56.740Z"},"timestamp":"2025-08-11T02:43:56.740Z"}
{"level":"info","message":{"file":"index.js","function":"requestLogger","ip":"::1","level":"info","message":">>>>> HTTP GET Request recieved at /health URL with payload {}>>>>>","method":"GET","statusCode":200,"timestamp":"2025-08-11T02:43:56.741Z","url":"/health"},"timestamp":"2025-08-11T02:43:56.742Z"}
{"level":"info","message":{"file":"index.js","function":"requestLogger","ip":"::1","level":"info","message":">>>>> HTTP GET Request recieved at /health URL with payload {}>>>>>","method":"GET","statusCode":200,"timestamp":"2025-08-11T02:43:56.742Z","url":"/health"},"timestamp":"2025-08-11T02:43:56.742Z"}
{"level":"info","message":{"file":"91","function":"/health","level":"info","message":"Health check endpoint hit","timestamp":"2025-08-11T02:44:24.124Z"},"timestamp":"2025-08-11T02:44:24.124Z"}
{"level":"info","message":{"file":"index.js","function":"requestLogger","ip":"::1","level":"info","message":">>>>> HTTP GET Request recieved at /health URL with payload {}>>>>>","method":"GET","statusCode":200,"timestamp":"2025-08-11T02:44:24.125Z","url":"/health"},"timestamp":"2025-08-11T02:44:24.125Z"}
{"level":"info","message":{"file":"index.js","function":"requestLogger","ip":"::1","level":"info","message":">>>>> HTTP GET Request recieved at /health URL with payload {}>>>>>","method":"GET","statusCode":200,"timestamp":"2025-08-11T02:44:24.125Z","url":"/health"},"timestamp":"2025-08-11T02:44:24.126Z"}
{"level":"info","message":{"file":"91","function":"/health","level":"info","message":"Health check endpoint hit","timestamp":"2025-08-11T02:44:51.499Z"},"timestamp":"2025-08-11T02:44:51.499Z"}
{"level":"info","message":{"file":"index.js","function":"requestLogger","ip":"::1","level":"info","message":">>>>> HTTP GET Request recieved at /health URL with payload {}>>>>>","method":"GET","statusCode":200,"timestamp":"2025-08-11T02:44:51.500Z","url":"/health"},"timestamp":"2025-08-11T02:44:51.500Z"}
{"level":"info","message":{"file":"index.js","function":"requestLogger","ip":"::1","level":"info","message":">>>>> HTTP GET Request recieved at /health URL with payload {}>>>>>","method":"GET","statusCode":200,"timestamp":"2025-08-11T02:44:51.501Z","url":"/health"},"timestamp":"2025-08-11T02:44:51.501Z"}
{"level":"info","message":{"file":"91","function":"/health","level":"info","message":"Health check endpoint hit","timestamp":"2025-08-11T02:45:19.126Z"},"timestamp":"2025-08-11T02:45:19.193Z"}
{"level":"info","message":{"file":"index.js","function":"requestLogger","ip":"::1","level":"info","message":">>>>> HTTP GET Request recieved at /health URL with payload {}>>>>>","method":"GET","statusCode":200,"timestamp":"2025-08-11T02:45:19.298Z","url":"/health"},"timestamp":"2025-08-11T02:45:19.307Z"}
{"level":"info","message":{"file":"index.js","function":"requestLogger","ip":"::1","level":"info","message":">>>>> HTTP GET Request recieved at /health URL with payload {}>>>>>","method":"GET","statusCode":200,"timestamp":"2025-08-11T02:45:19.308Z","url":"/health"},"timestamp":"2025-08-11T02:45:19.309Z"}
{"level":"info","message":{"file":"91","function":"/health","level":"info","message":"Health check endpoint hit","timestamp":"2025-08-11T02:45:46.913Z"},"timestamp":"2025-08-11T02:45:46.913Z"}
{"level":"info","message":{"file":"index.js","function":"requestLogger","ip":"::1","level":"info","message":">>>>> HTTP GET Request recieved at /health URL with payload {}>>>>>","method":"GET","statusCode":200,"timestamp":"2025-08-11T02:45:46.915Z","url":"/health"},"timestamp":"2025-08-11T02:45:46.916Z"}
{"level":"info","message":{"file":"index.js","function":"requestLogger","ip":"::1","level":"info","message":">>>>> HTTP GET Request recieved at /health URL with payload {}>>>>>","method":"GET","statusCode":200,"timestamp":"2025-08-11T02:45:46.916Z","url":"/health"},"timestamp":"2025-08-11T02:45:46.916Z"}
{"level":"info","message":{"file":"91","function":"/health","level":"info","message":"Health check endpoint hit","timestamp":"2025-08-11T02:46:14.327Z"},"timestamp":"2025-08-11T02:46:14.328Z"}
{"level":"info","message":{"file":"index.js","function":"requestLogger","ip":"::1","level":"info","message":">>>>> HTTP GET Request recieved at /health URL with payload {}>>>>>","method":"GET","statusCode":200,"timestamp":"2025-08-11T02:46:14.329Z","url":"/health"},"timestamp":"2025-08-11T02:46:14.330Z"}
{"level":"info","message":{"file":"index.js","function":"requestLogger","ip":"::1","level":"info","message":">>>>> HTTP GET Request recieved at /health URL with payload {}>>>>>","method":"GET","statusCode":200,"timestamp":"2025-08-11T02:46:14.330Z","url":"/health"},"timestamp":"2025-08-11T02:46:14.331Z"}
{"level":"info","message":{"file":"91","function":"/health","level":"info","message":"Health check endpoint hit","timestamp":"2025-08-11T02:46:41.710Z"},"timestamp":"2025-08-11T02:46:41.710Z"}
{"level":"info","message":{"file":"index.js","function":"requestLogger","ip":"::1","level":"info","message":">>>>> HTTP GET Request recieved at /health URL with payload {}>>>>>","method":"GET","statusCode":200,"timestamp":"2025-08-11T02:46:41.711Z","url":"/health"},"timestamp":"2025-08-11T02:46:41.711Z"}
{"level":"info","message":{"file":"index.js","function":"requestLogger","ip":"::1","level":"info","message":">>>>> HTTP GET Request recieved at /health URL with payload {}>>>>>","method":"GET","statusCode":200,"timestamp":"2025-08-11T02:46:41.711Z","url":"/health"},"timestamp":"2025-08-11T02:46:41.711Z"}
{"level":"info","message":{"file":"91","function":"/health","level":"info","message":"Health check endpoint hit","timestamp":"2025-08-11T02:47:09.112Z"},"timestamp":"2025-08-11T02:47:09.112Z"}
{"level":"info","message":{"file":"index.js","function":"requestLogger","ip":"::1","level":"info","message":">>>>> HTTP GET Request recieved at /health URL with payload {}>>>>>","method":"GET","statusCode":200,"timestamp":"2025-08-11T02:47:09.113Z","url":"/health"},"timestamp":"2025-08-11T02:47:09.114Z"}
{"level":"info","message":{"file":"index.js","function":"requestLogger","ip":"::1","level":"info","message":">>>>> HTTP GET Request recieved at /health URL with payload {}>>>>>","method":"GET","statusCode":200,"timestamp":"2025-08-11T02:47:09.114Z","url":"/health"},"timestamp":"2025-08-11T02:47:09.114Z"}
{"level":"info","message":{"file":"91","function":"/health","level":"info","message":"Health check endpoint hit","timestamp":"2025-08-11T02:47:36.572Z"},"timestamp":"2025-08-11T02:47:36.573Z"}
{"level":"info","message":{"file":"index.js","function":"requestLogger","ip":"::1","level":"info","message":">>>>> HTTP GET Request recieved at /health URL with payload {}>>>>>","method":"GET","statusCode":200,"timestamp":"2025-08-11T02:47:36.574Z","url":"/health"},"timestamp":"2025-08-11T02:47:36.574Z"}
{"level":"info","message":{"file":"index.js","function":"requestLogger","ip":"::1","level":"info","message":">>>>> HTTP GET Request recieved at /health URL with payload {}>>>>>","method":"GET","statusCode":200,"timestamp":"2025-08-11T02:47:36.574Z","url":"/health"},"timestamp":"2025-08-11T02:47:36.574Z"}
{"level":"info","message":{"file":"91","function":"/health","level":"info","message":"Health check endpoint hit","timestamp":"2025-08-11T02:48:04.036Z"},"timestamp":"2025-08-11T02:48:04.036Z"}
{"level":"info","message":{"file":"index.js","function":"requestLogger","ip":"::1","level":"info","message":">>>>> HTTP GET Request recieved at /health URL with payload {}>>>>>","method":"GET","statusCode":200,"timestamp":"2025-08-11T02:48:04.038Z","url":"/health"},"timestamp":"2025-08-11T02:48:04.039Z"}
{"level":"info","message":{"file":"index.js","function":"requestLogger","ip":"::1","level":"info","message":">>>>> HTTP GET Request recieved at /health URL with payload {}>>>>>","method":"GET","statusCode":200,"timestamp":"2025-08-11T02:48:04.039Z","url":"/health"},"timestamp":"2025-08-11T02:48:04.039Z"}
{"level":"info","message":{"file":"91","function":"/health","level":"info","message":"Health check endpoint hit","timestamp":"2025-08-11T02:48:31.437Z"},"timestamp":"2025-08-11T02:48:31.437Z"}
{"level":"info","message":{"file":"index.js","function":"requestLogger","ip":"::1","level":"info","message":">>>>> HTTP GET Request recieved at /health URL with payload {}>>>>>","method":"GET","statusCode":200,"timestamp":"2025-08-11T02:48:31.438Z","url":"/health"},"timestamp":"2025-08-11T02:48:31.438Z"}
{"level":"info","message":{"file":"index.js","function":"requestLogger","ip":"::1","level":"info","message":">>>>> HTTP GET Request recieved at /health URL with payload {}>>>>>","method":"GET","statusCode":200,"timestamp":"2025-08-11T02:48:31.438Z","url":"/health"},"timestamp":"2025-08-11T02:48:31.439Z"}
{"level":"info","message":{"file":"91","function":"/health","level":"info","message":"Health check endpoint hit","timestamp":"2025-08-11T02:48:58.945Z"},"timestamp":"2025-08-11T02:48:58.946Z"}
{"level":"info","message":{"file":"index.js","function":"requestLogger","ip":"::1","level":"info","message":">>>>> HTTP GET Request recieved at /health URL with payload {}>>>>>","method":"GET","statusCode":200,"timestamp":"2025-08-11T02:48:58.947Z","url":"/health"},"timestamp":"2025-08-11T02:48:58.948Z"}
{"level":"info","message":{"file":"index.js","function":"requestLogger","ip":"::1","level":"info","message":">>>>> HTTP GET Request recieved at /health URL with payload {}>>>>>","method":"GET","statusCode":200,"timestamp":"2025-08-11T02:48:58.948Z","url":"/health"},"timestamp":"2025-08-11T02:48:58.948Z"}
{"level":"info","message":{"file":"91","function":"/health","level":"info","message":"Health check endpoint hit","timestamp":"2025-08-11T02:49:26.399Z"},"timestamp":"2025-08-11T02:49:26.399Z"}
{"level":"info","message":{"file":"index.js","function":"requestLogger","ip":"::1","level":"info","message":">>>>> HTTP GET Request recieved at /health URL with payload {}>>>>>","method":"GET","statusCode":200,"timestamp":"2025-08-11T02:49:26.400Z","url":"/health"},"timestamp":"2025-08-11T02:49:26.401Z"}
{"level":"info","message":{"file":"index.js","function":"requestLogger","ip":"::1","level":"info","message":">>>>> HTTP GET Request recieved at /health URL with payload {}>>>>>","method":"GET","statusCode":200,"timestamp":"2025-08-11T02:49:26.401Z","url":"/health"},"timestamp":"2025-08-11T02:49:26.401Z"}
{"level":"info","message":{"file":"91","function":"/health","level":"info","message":"Health check endpoint hit","timestamp":"2025-08-11T02:49:53.864Z"},"timestamp":"2025-08-11T02:49:53.866Z"}
{"level":"info","message":{"file":"index.js","function":"requestLogger","ip":"::1","level":"info","message":">>>>> HTTP GET Request recieved at /health URL with payload {}>>>>>","method":"GET","statusCode":200,"timestamp":"2025-08-11T02:49:53.868Z","url":"/health"},"timestamp":"2025-08-11T02:49:53.868Z"}
{"level":"info","message":{"file":"index.js","function":"requestLogger","ip":"::1","level":"info","message":">>>>> HTTP GET Request recieved at /health URL with payload {}>>>>>","method":"GET","statusCode":200,"timestamp":"2025-08-11T02:49:53.868Z","url":"/health"},"timestamp":"2025-08-11T02:49:53.870Z"}
{"level":"info","message":{"file":"91","function":"/health","level":"info","message":"Health check endpoint hit","timestamp":"2025-08-11T02:50:21.296Z"},"timestamp":"2025-08-11T02:50:21.297Z"}
{"level":"info","message":{"file":"index.js","function":"requestLogger","ip":"::1","level":"info","message":">>>>> HTTP GET Request recieved at /health URL with payload {}>>>>>","method":"GET","statusCode":200,"timestamp":"2025-08-11T02:50:21.298Z","url":"/health"},"timestamp":"2025-08-11T02:50:21.299Z"}
{"level":"info","message":{"file":"index.js","function":"requestLogger","ip":"::1","level":"info","message":">>>>> HTTP GET Request recieved at /health URL with payload {}>>>>>","method":"GET","statusCode":200,"timestamp":"2025-08-11T02:50:21.299Z","url":"/health"},"timestamp":"2025-08-11T02:50:21.299Z"}
{"level":"info","message":{"file":"91","function":"/health","level":"info","message":"Health check endpoint hit","timestamp":"2025-08-11T02:50:48.688Z"},"timestamp":"2025-08-11T02:50:48.689Z"}
{"level":"info","message":{"file":"index.js","function":"requestLogger","ip":"::1","level":"info","message":">>>>> HTTP GET Request recieved at /health URL with payload {}>>>>>","method":"GET","statusCode":200,"timestamp":"2025-08-11T02:50:48.690Z","url":"/health"},"timestamp":"2025-08-11T02:50:48.690Z"}
{"level":"info","message":{"file":"index.js","function":"requestLogger","ip":"::1","level":"info","message":">>>>> HTTP GET Request recieved at /health URL with payload {}>>>>>","method":"GET","statusCode":200,"timestamp":"2025-08-11T02:50:48.690Z","url":"/health"},"timestamp":"2025-08-11T02:50:48.690Z"}
{"level":"info","message":{"file":"91","function":"/health","level":"info","message":"Health check endpoint hit","timestamp":"2025-08-11T02:51:16.139Z"},"timestamp":"2025-08-11T02:51:16.139Z"}
{"level":"info","message":{"file":"index.js","function":"requestLogger","ip":"::1","level":"info","message":">>>>> HTTP GET Request recieved at /health URL with payload {}>>>>>","method":"GET","statusCode":200,"timestamp":"2025-08-11T02:51:16.141Z","url":"/health"},"timestamp":"2025-08-11T02:51:16.141Z"}
{"level":"info","message":{"file":"index.js","function":"requestLogger","ip":"::1","level":"info","message":">>>>> HTTP GET Request recieved at /health URL with payload {}>>>>>","method":"GET","statusCode":200,"timestamp":"2025-08-11T02:51:16.141Z","url":"/health"},"timestamp":"2025-08-11T02:51:16.141Z"}
{"level":"info","message":{"file":"91","function":"/health","level":"info","message":"Health check endpoint hit","timestamp":"2025-08-11T02:51:43.674Z"},"timestamp":"2025-08-11T02:51:43.675Z"}
{"level":"info","message":{"file":"index.js","function":"requestLogger","ip":"::1","level":"info","message":">>>>> HTTP GET Request recieved at /health URL with payload {}>>>>>","method":"GET","statusCode":200,"timestamp":"2025-08-11T02:51:43.676Z","url":"/health"},"timestamp":"2025-08-11T02:51:43.677Z"}
{"level":"info","message":{"file":"index.js","function":"requestLogger","ip":"::1","level":"info","message":">>>>> HTTP GET Request recieved at /health URL with payload {}>>>>>","method":"GET","statusCode":200,"timestamp":"2025-08-11T02:51:43.677Z","url":"/health"},"timestamp":"2025-08-11T02:51:43.677Z"}
{"level":"info","message":{"file":"91","function":"/health","level":"info","message":"Health check endpoint hit","timestamp":"2025-08-11T02:52:11.060Z"},"timestamp":"2025-08-11T02:52:11.060Z"}
{"level":"info","message":{"file":"index.js","function":"requestLogger","ip":"::1","level":"info","message":">>>>> HTTP GET Request recieved at /health URL with payload {}>>>>>","method":"GET","statusCode":200,"timestamp":"2025-08-11T02:52:11.061Z","url":"/health"},"timestamp":"2025-08-11T02:52:11.061Z"}
{"level":"info","message":{"file":"index.js","function":"requestLogger","ip":"::1","level":"info","message":">>>>> HTTP GET Request recieved at /health URL with payload {}>>>>>","method":"GET","statusCode":200,"timestamp":"2025-08-11T02:52:11.061Z","url":"/health"},"timestamp":"2025-08-11T02:52:11.061Z"}
{"level":"info","message":{"file":"91","function":"/health","level":"info","message":"Health check endpoint hit","timestamp":"2025-08-11T02:52:38.491Z"},"timestamp":"2025-08-11T02:52:38.491Z"}
{"level":"info","message":{"file":"index.js","function":"requestLogger","ip":"::1","level":"info","message":">>>>> HTTP GET Request recieved at /health URL with payload {}>>>>>","method":"GET","statusCode":200,"timestamp":"2025-08-11T02:52:38.494Z","url":"/health"},"timestamp":"2025-08-11T02:52:38.495Z"}
{"level":"info","message":{"file":"index.js","function":"requestLogger","ip":"::1","level":"info","message":">>>>> HTTP GET Request recieved at /health URL with payload {}>>>>>","method":"GET","statusCode":200,"timestamp":"2025-08-11T02:52:38.495Z","url":"/health"},"timestamp":"2025-08-11T02:52:38.496Z"}
{"level":"info","message":{"file":"91","function":"/health","level":"info","message":"Health check endpoint hit","timestamp":"2025-08-11T02:53:05.928Z"},"timestamp":"2025-08-11T02:53:05.929Z"}
{"level":"info","message":{"file":"index.js","function":"requestLogger","ip":"::1","level":"info","message":">>>>> HTTP GET Request recieved at /health URL with payload {}>>>>>","method":"GET","statusCode":200,"timestamp":"2025-08-11T02:53:05.930Z","url":"/health"},"timestamp":"2025-08-11T02:53:05.930Z"}
{"level":"info","message":{"file":"index.js","function":"requestLogger","ip":"::1","level":"info","message":">>>>> HTTP GET Request recieved at /health URL with payload {}>>>>>","method":"GET","statusCode":200,"timestamp":"2025-08-11T02:53:05.931Z","url":"/health"},"timestamp":"2025-08-11T02:53:05.931Z"}
{"level":"info","message":{"file":"91","function":"/health","level":"info","message":"Health check endpoint hit","timestamp":"2025-08-11T02:53:33.324Z"},"timestamp":"2025-08-11T02:53:33.325Z"}
{"level":"info","message":{"file":"index.js","function":"requestLogger","ip":"::1","level":"info","message":">>>>> HTTP GET Request recieved at /health URL with payload {}>>>>>","method":"GET","statusCode":200,"timestamp":"2025-08-11T02:53:33.326Z","url":"/health"},"timestamp":"2025-08-11T02:53:33.326Z"}
{"level":"info","message":{"file":"index.js","function":"requestLogger","ip":"::1","level":"info","message":">>>>> HTTP GET Request recieved at /health URL with payload {}>>>>>","method":"GET","statusCode":200,"timestamp":"2025-08-11T02:53:33.326Z","url":"/health"},"timestamp":"2025-08-11T02:53:33.326Z"}
{"level":"info","message":{"file":"91","function":"/health","level":"info","message":"Health check endpoint hit","timestamp":"2025-08-11T02:54:01.108Z"},"timestamp":"2025-08-11T02:54:01.109Z"}
{"level":"info","message":{"file":"index.js","function":"requestLogger","ip":"::1","level":"info","message":">>>>> HTTP GET Request recieved at /health URL with payload {}>>>>>","method":"GET","statusCode":200,"timestamp":"2025-08-11T02:54:01.110Z","url":"/health"},"timestamp":"2025-08-11T02:54:01.111Z"}
{"level":"info","message":{"file":"index.js","function":"requestLogger","ip":"::1","level":"info","message":">>>>> HTTP GET Request recieved at /health URL with payload {}>>>>>","method":"GET","statusCode":200,"timestamp":"2025-08-11T02:54:01.111Z","url":"/health"},"timestamp":"2025-08-11T02:54:01.111Z"}
{"level":"info","message":{"file":"91","function":"/health","level":"info","message":"Health check endpoint hit","timestamp":"2025-08-11T02:54:29.023Z"},"timestamp":"2025-08-11T02:54:29.048Z"}
{"level":"info","message":{"file":"index.js","function":"requestLogger","ip":"::1","level":"info","message":">>>>> HTTP GET Request recieved at /health URL with payload {}>>>>>","method":"GET","statusCode":200,"timestamp":"2025-08-11T02:54:29.050Z","url":"/health"},"timestamp":"2025-08-11T02:54:29.051Z"}
{"level":"info","message":{"file":"index.js","function":"requestLogger","ip":"::1","level":"info","message":">>>>> HTTP GET Request recieved at /health URL with payload {}>>>>>","method":"GET","statusCode":200,"timestamp":"2025-08-11T02:54:29.051Z","url":"/health"},"timestamp":"2025-08-11T02:54:29.052Z"}
{"level":"info","message":{"file":"91","function":"/health","level":"info","message":"Health check endpoint hit","timestamp":"2025-08-11T02:54:56.505Z"},"timestamp":"2025-08-11T02:54:56.505Z"}
{"level":"info","message":{"file":"index.js","function":"requestLogger","ip":"::1","level":"info","message":">>>>> HTTP GET Request recieved at /health URL with payload {}>>>>>","method":"GET","statusCode":200,"timestamp":"2025-08-11T02:54:56.506Z","url":"/health"},"timestamp":"2025-08-11T02:54:56.506Z"}
{"level":"info","message":{"file":"index.js","function":"requestLogger","ip":"::1","level":"info","message":">>>>> HTTP GET Request recieved at /health URL with payload {}>>>>>","method":"GET","statusCode":200,"timestamp":"2025-08-11T02:54:56.506Z","url":"/health"},"timestamp":"2025-08-11T02:54:56.507Z"}
{"level":"info","message":{"file":"91","function":"/health","level":"info","message":"Health check endpoint hit","timestamp":"2025-08-11T02:55:23.921Z"},"timestamp":"2025-08-11T02:55:23.921Z"}
{"level":"info","message":{"file":"index.js","function":"requestLogger","ip":"::1","level":"info","message":">>>>> HTTP GET Request recieved at /health URL with payload {}>>>>>","method":"GET","statusCode":200,"timestamp":"2025-08-11T02:55:23.922Z","url":"/health"},"timestamp":"2025-08-11T02:55:23.923Z"}
{"level":"info","message":{"file":"index.js","function":"requestLogger","ip":"::1","level":"info","message":">>>>> HTTP GET Request recieved at /health URL with payload {}>>>>>","method":"GET","statusCode":200,"timestamp":"2025-08-11T02:55:23.923Z","url":"/health"},"timestamp":"2025-08-11T02:55:23.923Z"}
{"level":"info","message":{"file":"91","function":"/health","level":"info","message":"Health check endpoint hit","timestamp":"2025-08-11T02:55:51.322Z"},"timestamp":"2025-08-11T02:55:51.323Z"}
{"level":"info","message":{"file":"index.js","function":"requestLogger","ip":"::1","level":"info","message":">>>>> HTTP GET Request recieved at /health URL with payload {}>>>>>","method":"GET","statusCode":200,"timestamp":"2025-08-11T02:55:51.324Z","url":"/health"},"timestamp":"2025-08-11T02:55:51.324Z"}
{"level":"info","message":{"file":"index.js","function":"requestLogger","ip":"::1","level":"info","message":">>>>> HTTP GET Request recieved at /health URL with payload {}>>>>>","method":"GET","statusCode":200,"timestamp":"2025-08-11T02:55:51.324Z","url":"/health"},"timestamp":"2025-08-11T02:55:51.325Z"}
{"level":"info","message":{"file":"91","function":"/health","level":"info","message":"Health check endpoint hit","timestamp":"2025-08-11T02:56:18.949Z"},"timestamp":"2025-08-11T02:56:18.949Z"}
{"level":"info","message":{"file":"index.js","function":"requestLogger","ip":"::1","level":"info","message":">>>>> HTTP GET Request recieved at /health URL with payload {}>>>>>","method":"GET","statusCode":200,"timestamp":"2025-08-11T02:56:18.951Z","url":"/health"},"timestamp":"2025-08-11T02:56:18.951Z"}
{"level":"info","message":{"file":"index.js","function":"requestLogger","ip":"::1","level":"info","message":">>>>> HTTP GET Request recieved at /health URL with payload {}>>>>>","method":"GET","statusCode":200,"timestamp":"2025-08-11T02:56:18.951Z","url":"/health"},"timestamp":"2025-08-11T02:56:18.952Z"}
{"level":"info","message":{"file":"91","function":"/health","level":"info","message":"Health check endpoint hit","timestamp":"2025-08-11T02:56:46.789Z"},"timestamp":"2025-08-11T02:56:46.790Z"}
{"level":"info","message":{"file":"index.js","function":"requestLogger","ip":"::1","level":"info","message":">>>>> HTTP GET Request recieved at /health URL with payload {}>>>>>","method":"GET","statusCode":200,"timestamp":"2025-08-11T02:56:46.791Z","url":"/health"},"timestamp":"2025-08-11T02:56:46.792Z"}
{"level":"info","message":{"file":"index.js","function":"requestLogger","ip":"::1","level":"info","message":">>>>> HTTP GET Request recieved at /health URL with payload {}>>>>>","method":"GET","statusCode":200,"timestamp":"2025-08-11T02:56:46.792Z","url":"/health"},"timestamp":"2025-08-11T02:56:46.792Z"}
{"level":"info","message":{"file":"91","function":"/health","level":"info","message":"Health check endpoint hit","timestamp":"2025-08-11T02:57:14.465Z"},"timestamp":"2025-08-11T02:57:14.466Z"}
{"level":"info","message":{"file":"index.js","function":"requestLogger","ip":"::1","level":"info","message":">>>>> HTTP GET Request recieved at /health URL with payload {}>>>>>","method":"GET","statusCode":200,"timestamp":"2025-08-11T02:57:14.496Z","url":"/health"},"timestamp":"2025-08-11T02:57:14.496Z"}
{"level":"info","message":{"file":"index.js","function":"requestLogger","ip":"::1","level":"info","message":">>>>> HTTP GET Request recieved at /health URL with payload {}>>>>>","method":"GET","statusCode":200,"timestamp":"2025-08-11T02:57:14.497Z","url":"/health"},"timestamp":"2025-08-11T02:57:14.497Z"}
{"level":"info","message":{"file":"91","function":"/health","level":"info","message":"Health check endpoint hit","timestamp":"2025-08-11T02:57:41.906Z"},"timestamp":"2025-08-11T02:57:41.907Z"}
{"level":"info","message":{"file":"index.js","function":"requestLogger","ip":"::1","level":"info","message":">>>>> HTTP GET Request recieved at /health URL with payload {}>>>>>","method":"GET","statusCode":200,"timestamp":"2025-08-11T02:57:41.908Z","url":"/health"},"timestamp":"2025-08-11T02:57:41.908Z"}
{"level":"info","message":{"file":"index.js","function":"requestLogger","ip":"::1","level":"info","message":">>>>> HTTP GET Request recieved at /health URL with payload {}>>>>>","method":"GET","statusCode":200,"timestamp":"2025-08-11T02:57:41.908Z","url":"/health"},"timestamp":"2025-08-11T02:57:41.909Z"}
{"level":"info","message":{"file":"91","function":"/health","level":"info","message":"Health check endpoint hit","timestamp":"2025-08-11T02:58:09.365Z"},"timestamp":"2025-08-11T02:58:09.365Z"}
{"level":"info","message":{"file":"index.js","function":"requestLogger","ip":"::1","level":"info","message":">>>>> HTTP GET Request recieved at /health URL with payload {}>>>>>","method":"GET","statusCode":200,"timestamp":"2025-08-11T02:58:09.366Z","url":"/health"},"timestamp":"2025-08-11T02:58:09.366Z"}
{"level":"info","message":{"file":"index.js","function":"requestLogger","ip":"::1","level":"info","message":">>>>> HTTP GET Request recieved at /health URL with payload {}>>>>>","method":"GET","statusCode":200,"timestamp":"2025-08-11T02:58:09.366Z","url":"/health"},"timestamp":"2025-08-11T02:58:09.367Z"}
{"level":"info","message":{"file":"91","function":"/health","level":"info","message":"Health check endpoint hit","timestamp":"2025-08-11T02:58:36.736Z"},"timestamp":"2025-08-11T02:58:36.737Z"}
{"level":"info","message":{"file":"index.js","function":"requestLogger","ip":"::1","level":"info","message":">>>>> HTTP GET Request recieved at /health URL with payload {}>>>>>","method":"GET","statusCode":200,"timestamp":"2025-08-11T02:58:36.737Z","url":"/health"},"timestamp":"2025-08-11T02:58:36.737Z"}
{"level":"info","message":{"file":"index.js","function":"requestLogger","ip":"::1","level":"info","message":">>>>> HTTP GET Request recieved at /health URL with payload {}>>>>>","method":"GET","statusCode":200,"timestamp":"2025-08-11T02:58:36.737Z","url":"/health"},"timestamp":"2025-08-11T02:58:36.737Z"}
{"level":"info","message":{"file":"91","function":"/health","level":"info","message":"Health check endpoint hit","timestamp":"2025-08-11T02:59:04.151Z"},"timestamp":"2025-08-11T02:59:04.151Z"}
{"level":"info","message":{"file":"index.js","function":"requestLogger","ip":"::1","level":"info","message":">>>>> HTTP GET Request recieved at /health URL with payload {}>>>>>","method":"GET","statusCode":200,"timestamp":"2025-08-11T02:59:04.152Z","url":"/health"},"timestamp":"2025-08-11T02:59:04.152Z"}
{"level":"info","message":{"file":"index.js","function":"requestLogger","ip":"::1","level":"info","message":">>>>> HTTP GET Request recieved at /health URL with payload {}>>>>>","method":"GET","statusCode":200,"timestamp":"2025-08-11T02:59:04.152Z","url":"/health"},"timestamp":"2025-08-11T02:59:04.152Z"}
{"level":"info","message":{"file":"91","function":"/health","level":"info","message":"Health check endpoint hit","timestamp":"2025-08-11T02:59:31.542Z"},"timestamp":"2025-08-11T02:59:31.542Z"}
{"level":"info","message":{"file":"index.js","function":"requestLogger","ip":"::1","level":"info","message":">>>>> HTTP GET Request recieved at /health URL with payload {}>>>>>","method":"GET","statusCode":200,"timestamp":"2025-08-11T02:59:31.543Z","url":"/health"},"timestamp":"2025-08-11T02:59:31.543Z"}
{"level":"info","message":{"file":"index.js","function":"requestLogger","ip":"::1","level":"info","message":">>>>> HTTP GET Request recieved at /health URL with payload {}>>>>>","method":"GET","statusCode":200,"timestamp":"2025-08-11T02:59:31.543Z","url":"/health"},"timestamp":"2025-08-11T02:59:31.543Z"}
{"level":"info","message":{"file":"91","function":"/health","level":"info","message":"Health check endpoint hit","timestamp":"2025-08-11T02:59:58.903Z"},"timestamp":"2025-08-11T02:59:58.904Z"}
{"level":"info","message":{"file":"index.js","function":"requestLogger","ip":"::1","level":"info","message":">>>>> HTTP GET Request recieved at /health URL with payload {}>>>>>","method":"GET","statusCode":200,"timestamp":"2025-08-11T02:59:58.907Z","url":"/health"},"timestamp":"2025-08-11T02:59:58.907Z"}
{"level":"info","message":{"file":"index.js","function":"requestLogger","ip":"::1","level":"info","message":">>>>> HTTP GET Request recieved at /health URL with payload {}>>>>>","method":"GET","statusCode":200,"timestamp":"2025-08-11T02:59:58.907Z","url":"/health"},"timestamp":"2025-08-11T02:59:58.907Z"}
{"level":"info","message":{"file":"91","function":"/health","level":"info","message":"Health check endpoint hit","timestamp":"2025-08-11T03:00:26.449Z"},"timestamp":"2025-08-11T03:00:26.450Z"}
{"level":"info","message":{"file":"index.js","function":"requestLogger","ip":"::1","level":"info","message":">>>>> HTTP GET Request recieved at /health URL with payload {}>>>>>","method":"GET","statusCode":200,"timestamp":"2025-08-11T03:00:26.451Z","url":"/health"},"timestamp":"2025-08-11T03:00:26.452Z"}
{"level":"info","message":{"file":"index.js","function":"requestLogger","ip":"::1","level":"info","message":">>>>> HTTP GET Request recieved at /health URL with payload {}>>>>>","method":"GET","statusCode":200,"timestamp":"2025-08-11T03:00:26.452Z","url":"/health"},"timestamp":"2025-08-11T03:00:26.452Z"}
{"level":"info","message":{"file":"91","function":"/health","level":"info","message":"Health check endpoint hit","timestamp":"2025-08-11T03:00:53.872Z"},"timestamp":"2025-08-11T03:00:53.873Z"}
{"level":"info","message":{"file":"index.js","function":"requestLogger","ip":"::1","level":"info","message":">>>>> HTTP GET Request recieved at /health URL with payload {}>>>>>","method":"GET","statusCode":200,"timestamp":"2025-08-11T03:00:53.874Z","url":"/health"},"timestamp":"2025-08-11T03:00:53.875Z"}
{"level":"info","message":{"file":"index.js","function":"requestLogger","ip":"::1","level":"info","message":">>>>> HTTP GET Request recieved at /health URL with payload {}>>>>>","method":"GET","statusCode":200,"timestamp":"2025-08-11T03:00:53.875Z","url":"/health"},"timestamp":"2025-08-11T03:00:53.875Z"}
{"level":"info","message":{"file":"91","function":"/health","level":"info","message":"Health check endpoint hit","timestamp":"2025-08-11T03:01:21.243Z"},"timestamp":"2025-08-11T03:01:21.243Z"}
{"level":"info","message":{"file":"index.js","function":"requestLogger","ip":"::1","level":"info","message":">>>>> HTTP GET Request recieved at /health URL with payload {}>>>>>","method":"GET","statusCode":200,"timestamp":"2025-08-11T03:01:21.244Z","url":"/health"},"timestamp":"2025-08-11T03:01:21.244Z"}
{"level":"info","message":{"file":"index.js","function":"requestLogger","ip":"::1","level":"info","message":">>>>> HTTP GET Request recieved at /health URL with payload {}>>>>>","method":"GET","statusCode":200,"timestamp":"2025-08-11T03:01:21.244Z","url":"/health"},"timestamp":"2025-08-11T03:01:21.244Z"}
{"level":"info","message":{"file":"91","function":"/health","level":"info","message":"Health check endpoint hit","timestamp":"2025-08-11T03:01:48.621Z"},"timestamp":"2025-08-11T03:01:48.622Z"}
{"level":"info","message":{"file":"index.js","function":"requestLogger","ip":"::1","level":"info","message":">>>>> HTTP GET Request recieved at /health URL with payload {}>>>>>","method":"GET","statusCode":200,"timestamp":"2025-08-11T03:01:48.623Z","url":"/health"},"timestamp":"2025-08-11T03:01:48.623Z"}
{"level":"info","message":{"file":"index.js","function":"requestLogger","ip":"::1","level":"info","message":">>>>> HTTP GET Request recieved at /health URL with payload {}>>>>>","method":"GET","statusCode":200,"timestamp":"2025-08-11T03:01:48.623Z","url":"/health"},"timestamp":"2025-08-11T03:01:48.623Z"}
{"level":"info","message":{"file":"91","function":"/health","level":"info","message":"Health check endpoint hit","timestamp":"2025-08-11T03:02:15.987Z"},"timestamp":"2025-08-11T03:02:15.988Z"}
{"level":"info","message":{"file":"index.js","function":"requestLogger","ip":"::1","level":"info","message":">>>>> HTTP GET Request recieved at /health URL with payload {}>>>>>","method":"GET","statusCode":200,"timestamp":"2025-08-11T03:02:15.988Z","url":"/health"},"timestamp":"2025-08-11T03:02:15.988Z"}
{"level":"info","message":{"file":"index.js","function":"requestLogger","ip":"::1","level":"info","message":">>>>> HTTP GET Request recieved at /health URL with payload {}>>>>>","method":"GET","statusCode":200,"timestamp":"2025-08-11T03:02:15.988Z","url":"/health"},"timestamp":"2025-08-11T03:02:15.989Z"}
{"level":"info","message":{"file":"91","function":"/health","level":"info","message":"Health check endpoint hit","timestamp":"2025-08-11T03:02:43.371Z"},"timestamp":"2025-08-11T03:02:43.371Z"}
{"level":"info","message":{"file":"index.js","function":"requestLogger","ip":"::1","level":"info","message":">>>>> HTTP GET Request recieved at /health URL with payload {}>>>>>","method":"GET","statusCode":200,"timestamp":"2025-08-11T03:02:43.372Z","url":"/health"},"timestamp":"2025-08-11T03:02:43.373Z"}
{"level":"info","message":{"file":"index.js","function":"requestLogger","ip":"::1","level":"info","message":">>>>> HTTP GET Request recieved at /health URL with payload {}>>>>>","method":"GET","statusCode":200,"timestamp":"2025-08-11T03:02:43.373Z","url":"/health"},"timestamp":"2025-08-11T03:02:43.373Z"}
{"level":"info","message":{"file":"91","function":"/health","level":"info","message":"Health check endpoint hit","timestamp":"2025-08-11T03:03:10.736Z"},"timestamp":"2025-08-11T03:03:10.736Z"}
{"level":"info","message":{"file":"index.js","function":"requestLogger","ip":"::1","level":"info","message":">>>>> HTTP GET Request recieved at /health URL with payload {}>>>>>","method":"GET","statusCode":200,"timestamp":"2025-08-11T03:03:10.737Z","url":"/health"},"timestamp":"2025-08-11T03:03:10.737Z"}
{"level":"info","message":{"file":"index.js","function":"requestLogger","ip":"::1","level":"info","message":">>>>> HTTP GET Request recieved at /health URL with payload {}>>>>>","method":"GET","statusCode":200,"timestamp":"2025-08-11T03:03:10.737Z","url":"/health"},"timestamp":"2025-08-11T03:03:10.737Z"}
{"level":"info","message":{"file":"91","function":"/health","level":"info","message":"Health check endpoint hit","timestamp":"2025-08-11T03:03:38.182Z"},"timestamp":"2025-08-11T03:03:38.182Z"}
{"level":"info","message":{"file":"index.js","function":"requestLogger","ip":"::1","level":"info","message":">>>>> HTTP GET Request recieved at /health URL with payload {}>>>>>","method":"GET","statusCode":200,"timestamp":"2025-08-11T03:03:38.183Z","url":"/health"},"timestamp":"2025-08-11T03:03:38.184Z"}
{"level":"info","message":{"file":"index.js","function":"requestLogger","ip":"::1","level":"info","message":">>>>> HTTP GET Request recieved at /health URL with payload {}>>>>>","method":"GET","statusCode":200,"timestamp":"2025-08-11T03:03:38.184Z","url":"/health"},"timestamp":"2025-08-11T03:03:38.184Z"}
{"level":"info","message":{"file":"91","function":"/health","level":"info","message":"Health check endpoint hit","timestamp":"2025-08-11T03:04:05.598Z"},"timestamp":"2025-08-11T03:04:05.599Z"}
{"level":"info","message":{"file":"index.js","function":"requestLogger","ip":"::1","level":"info","message":">>>>> HTTP GET Request recieved at /health URL with payload {}>>>>>","method":"GET","statusCode":200,"timestamp":"2025-08-11T03:04:05.600Z","url":"/health"},"timestamp":"2025-08-11T03:04:05.600Z"}
{"level":"info","message":{"file":"index.js","function":"requestLogger","ip":"::1","level":"info","message":">>>>> HTTP GET Request recieved at /health URL with payload {}>>>>>","method":"GET","statusCode":200,"timestamp":"2025-08-11T03:04:05.600Z","url":"/health"},"timestamp":"2025-08-11T03:04:05.600Z"}
{"level":"info","message":{"file":"91","function":"/health","level":"info","message":"Health check endpoint hit","timestamp":"2025-08-11T03:04:32.978Z"},"timestamp":"2025-08-11T03:04:32.979Z"}
{"level":"info","message":{"file":"index.js","function":"requestLogger","ip":"::1","level":"info","message":">>>>> HTTP GET Request recieved at /health URL with payload {}>>>>>","method":"GET","statusCode":200,"timestamp":"2025-08-11T03:04:32.979Z","url":"/health"},"timestamp":"2025-08-11T03:04:32.980Z"}
{"level":"info","message":{"file":"index.js","function":"requestLogger","ip":"::1","level":"info","message":">>>>> HTTP GET Request recieved at /health URL with payload {}>>>>>","method":"GET","statusCode":200,"timestamp":"2025-08-11T03:04:32.980Z","url":"/health"},"timestamp":"2025-08-11T03:04:32.980Z"}
{"level":"info","message":{"file":"91","function":"/health","level":"info","message":"Health check endpoint hit","timestamp":"2025-08-11T03:05:00.404Z"},"timestamp":"2025-08-11T03:05:00.405Z"}
{"level":"info","message":{"file":"index.js","function":"requestLogger","ip":"::1","level":"info","message":">>>>> HTTP GET Request recieved at /health URL with payload {}>>>>>","method":"GET","statusCode":200,"timestamp":"2025-08-11T03:05:00.406Z","url":"/health"},"timestamp":"2025-08-11T03:05:00.406Z"}
{"level":"info","message":{"file":"index.js","function":"requestLogger","ip":"::1","level":"info","message":">>>>> HTTP GET Request recieved at /health URL with payload {}>>>>>","method":"GET","statusCode":200,"timestamp":"2025-08-11T03:05:00.406Z","url":"/health"},"timestamp":"2025-08-11T03:05:00.407Z"}
{"level":"info","message":{"file":"91","function":"/health","level":"info","message":"Health check endpoint hit","timestamp":"2025-08-11T03:05:27.773Z"},"timestamp":"2025-08-11T03:05:27.773Z"}
{"level":"info","message":{"file":"index.js","function":"requestLogger","ip":"::1","level":"info","message":">>>>> HTTP GET Request recieved at /health URL with payload {}>>>>>","method":"GET","statusCode":200,"timestamp":"2025-08-11T03:05:27.774Z","url":"/health"},"timestamp":"2025-08-11T03:05:27.774Z"}
{"level":"info","message":{"file":"index.js","function":"requestLogger","ip":"::1","level":"info","message":">>>>> HTTP GET Request recieved at /health URL with payload {}>>>>>","method":"GET","statusCode":200,"timestamp":"2025-08-11T03:05:27.774Z","url":"/health"},"timestamp":"2025-08-11T03:05:27.775Z"}
{"level":"info","message":{"file":"91","function":"/health","level":"info","message":"Health check endpoint hit","timestamp":"2025-08-11T03:05:55.183Z"},"timestamp":"2025-08-11T03:05:55.183Z"}
{"level":"info","message":{"file":"index.js","function":"requestLogger","ip":"::1","level":"info","message":">>>>> HTTP GET Request recieved at /health URL with payload {}>>>>>","method":"GET","statusCode":200,"timestamp":"2025-08-11T03:05:55.185Z","url":"/health"},"timestamp":"2025-08-11T03:05:55.185Z"}
{"level":"info","message":{"file":"index.js","function":"requestLogger","ip":"::1","level":"info","message":">>>>> HTTP GET Request recieved at /health URL with payload {}>>>>>","method":"GET","statusCode":200,"timestamp":"2025-08-11T03:05:55.185Z","url":"/health"},"timestamp":"2025-08-11T03:05:55.187Z"}
{"level":"info","message":{"file":"91","function":"/health","level":"info","message":"Health check endpoint hit","timestamp":"2025-08-11T03:06:22.578Z"},"timestamp":"2025-08-11T03:06:22.578Z"}
{"level":"info","message":{"file":"index.js","function":"requestLogger","ip":"::1","level":"info","message":">>>>> HTTP GET Request recieved at /health URL with payload {}>>>>>","method":"GET","statusCode":200,"timestamp":"2025-08-11T03:06:22.579Z","url":"/health"},"timestamp":"2025-08-11T03:06:22.579Z"}
{"level":"info","message":{"file":"index.js","function":"requestLogger","ip":"::1","level":"info","message":">>>>> HTTP GET Request recieved at /health URL with payload {}>>>>>","method":"GET","statusCode":200,"timestamp":"2025-08-11T03:06:22.579Z","url":"/health"},"timestamp":"2025-08-11T03:06:22.579Z"}
{"level":"info","message":{"file":"index.js","function":"gracefulShutdown","level":"info","message":"SIGTERM received, shutting down gracefully","signal":"SIGTERM","timestamp":"2025-08-11T03:06:36.688Z"},"timestamp":"2025-08-11T03:06:36.689Z"}
{"level":"info","message":{"file":"database.js","function":"disconnect","level":"info","message":"Database connection closed gracefully","service":"user-service","timestamp":"2025-08-11T03:06:36.734Z"},"timestamp":"2025-08-11T03:06:36.734Z"}
{"level":"info","message":{"file":"database.js","function":"testConnection","level":"info","message":"Database connection established successfully","service":"user-service","timestamp":"2025-08-11T07:10:23.717Z"},"timestamp":"2025-08-11T07:10:23.730Z"}
{"level":"info","message":{"environment":"production","file":"index.js","function":"startServer","level":"info","message":"user-service listening on port 3001","port":3001,"service":"user-service","timestamp":"2025-08-11T07:10:23.733Z"},"timestamp":"2025-08-11T07:10:23.735Z"}
{"level":"info","message":{"file":"91","function":"/health","level":"info","message":"Health check endpoint hit","timestamp":"2025-08-11T07:10:27.360Z"},"timestamp":"2025-08-11T07:10:27.361Z"}
{"level":"info","message":{"file":"index.js","function":"requestLogger","ip":"::1","level":"info","message":">>>>> HTTP GET Request recieved at /health URL with payload {}>>>>>","method":"GET","statusCode":200,"timestamp":"2025-08-11T07:10:27.368Z","url":"/health"},"timestamp":"2025-08-11T07:10:27.369Z"}
{"level":"info","message":{"file":"index.js","function":"requestLogger","ip":"::1","level":"info","message":">>>>> HTTP GET Request recieved at /health URL with payload {}>>>>>","method":"GET","statusCode":200,"timestamp":"2025-08-11T07:10:27.369Z","url":"/health"},"timestamp":"2025-08-11T07:10:27.370Z"}
{"level":"info","message":{"file":"91","function":"/health","level":"info","message":"Health check endpoint hit","timestamp":"2025-08-11T07:10:54.779Z"},"timestamp":"2025-08-11T07:10:54.780Z"}
{"level":"info","message":{"file":"index.js","function":"requestLogger","ip":"::1","level":"info","message":">>>>> HTTP GET Request recieved at /health URL with payload {}>>>>>","method":"GET","statusCode":200,"timestamp":"2025-08-11T07:10:54.782Z","url":"/health"},"timestamp":"2025-08-11T07:10:54.782Z"}
{"level":"info","message":{"file":"index.js","function":"requestLogger","ip":"::1","level":"info","message":">>>>> HTTP GET Request recieved at /health URL with payload {}>>>>>","method":"GET","statusCode":200,"timestamp":"2025-08-11T07:10:54.782Z","url":"/health"},"timestamp":"2025-08-11T07:10:54.783Z"}
{"level":"info","message":{"file":"91","function":"/health","level":"info","message":"Health check endpoint hit","timestamp":"2025-08-11T07:11:22.272Z"},"timestamp":"2025-08-11T07:11:22.274Z"}
{"level":"info","message":{"file":"index.js","function":"requestLogger","ip":"::1","level":"info","message":">>>>> HTTP GET Request recieved at /health URL with payload {}>>>>>","method":"GET","statusCode":200,"timestamp":"2025-08-11T07:11:22.275Z","url":"/health"},"timestamp":"2025-08-11T07:11:22.278Z"}
{"level":"info","message":{"file":"index.js","function":"requestLogger","ip":"::1","level":"info","message":">>>>> HTTP GET Request recieved at /health URL with payload {}>>>>>","method":"GET","statusCode":200,"timestamp":"2025-08-11T07:11:22.278Z","url":"/health"},"timestamp":"2025-08-11T07:11:22.278Z"}
{"level":"info","message":{"file":"91","function":"/health","level":"info","message":"Health check endpoint hit","timestamp":"2025-08-11T07:11:49.701Z"},"timestamp":"2025-08-11T07:11:49.702Z"}
{"level":"info","message":{"file":"index.js","function":"requestLogger","ip":"::1","level":"info","message":">>>>> HTTP GET Request recieved at /health URL with payload {}>>>>>","method":"GET","statusCode":200,"timestamp":"2025-08-11T07:11:49.703Z","url":"/health"},"timestamp":"2025-08-11T07:11:49.703Z"}
{"level":"info","message":{"file":"index.js","function":"requestLogger","ip":"::1","level":"info","message":">>>>> HTTP GET Request recieved at /health URL with payload {}>>>>>","method":"GET","statusCode":200,"timestamp":"2025-08-11T07:11:49.704Z","url":"/health"},"timestamp":"2025-08-11T07:11:49.704Z"}
{"level":"info","message":{"file":"91","function":"/health","level":"info","message":"Health check endpoint hit","timestamp":"2025-08-11T07:12:17.125Z"},"timestamp":"2025-08-11T07:12:17.126Z"}
{"level":"info","message":{"file":"index.js","function":"requestLogger","ip":"::1","level":"info","message":">>>>> HTTP GET Request recieved at /health URL with payload {}>>>>>","method":"GET","statusCode":200,"timestamp":"2025-08-11T07:12:17.127Z","url":"/health"},"timestamp":"2025-08-11T07:12:17.127Z"}
{"level":"info","message":{"file":"index.js","function":"requestLogger","ip":"::1","level":"info","message":">>>>> HTTP GET Request recieved at /health URL with payload {}>>>>>","method":"GET","statusCode":200,"timestamp":"2025-08-11T07:12:17.128Z","url":"/health"},"timestamp":"2025-08-11T07:12:17.128Z"}
{"level":"info","message":{"file":"91","function":"/health","level":"info","message":"Health check endpoint hit","timestamp":"2025-08-11T07:12:44.509Z"},"timestamp":"2025-08-11T07:12:44.509Z"}
{"level":"info","message":{"file":"index.js","function":"requestLogger","ip":"::1","level":"info","message":">>>>> HTTP GET Request recieved at /health URL with payload {}>>>>>","method":"GET","statusCode":200,"timestamp":"2025-08-11T07:12:44.511Z","url":"/health"},"timestamp":"2025-08-11T07:12:44.511Z"}
{"level":"info","message":{"file":"index.js","function":"requestLogger","ip":"::1","level":"info","message":">>>>> HTTP GET Request recieved at /health URL with payload {}>>>>>","method":"GET","statusCode":200,"timestamp":"2025-08-11T07:12:44.511Z","url":"/health"},"timestamp":"2025-08-11T07:12:44.511Z"}
{"level":"info","message":{"file":"91","function":"/health","level":"info","message":"Health check endpoint hit","timestamp":"2025-08-11T07:13:11.985Z"},"timestamp":"2025-08-11T07:13:11.986Z"}
{"level":"info","message":{"file":"index.js","function":"requestLogger","ip":"::1","level":"info","message":">>>>> HTTP GET Request recieved at /health URL with payload {}>>>>>","method":"GET","statusCode":200,"timestamp":"2025-08-11T07:13:11.987Z","url":"/health"},"timestamp":"2025-08-11T07:13:11.988Z"}
{"level":"info","message":{"file":"index.js","function":"requestLogger","ip":"::1","level":"info","message":">>>>> HTTP GET Request recieved at /health URL with payload {}>>>>>","method":"GET","statusCode":200,"timestamp":"2025-08-11T07:13:11.988Z","url":"/health"},"timestamp":"2025-08-11T07:13:11.988Z"}
{"level":"info","message":{"file":"91","function":"/health","level":"info","message":"Health check endpoint hit","timestamp":"2025-08-11T07:13:39.364Z"},"timestamp":"2025-08-11T07:13:39.365Z"}
{"level":"info","message":{"file":"index.js","function":"requestLogger","ip":"::1","level":"info","message":">>>>> HTTP GET Request recieved at /health URL with payload {}>>>>>","method":"GET","statusCode":200,"timestamp":"2025-08-11T07:13:39.366Z","url":"/health"},"timestamp":"2025-08-11T07:13:39.366Z"}
{"level":"info","message":{"file":"index.js","function":"requestLogger","ip":"::1","level":"info","message":">>>>> HTTP GET Request recieved at /health URL with payload {}>>>>>","method":"GET","statusCode":200,"timestamp":"2025-08-11T07:13:39.366Z","url":"/health"},"timestamp":"2025-08-11T07:13:39.366Z"}
{"level":"info","message":{"file":"91","function":"/health","level":"info","message":"Health check endpoint hit","timestamp":"2025-08-11T07:14:06.779Z"},"timestamp":"2025-08-11T07:14:06.780Z"}
{"level":"info","message":{"file":"index.js","function":"requestLogger","ip":"::1","level":"info","message":">>>>> HTTP GET Request recieved at /health URL with payload {}>>>>>","method":"GET","statusCode":200,"timestamp":"2025-08-11T07:14:06.783Z","url":"/health"},"timestamp":"2025-08-11T07:14:06.783Z"}
{"level":"info","message":{"file":"index.js","function":"requestLogger","ip":"::1","level":"info","message":">>>>> HTTP GET Request recieved at /health URL with payload {}>>>>>","method":"GET","statusCode":200,"timestamp":"2025-08-11T07:14:06.784Z","url":"/health"},"timestamp":"2025-08-11T07:14:06.784Z"}
{"level":"info","message":{"file":"91","function":"/health","level":"info","message":"Health check endpoint hit","timestamp":"2025-08-11T07:14:34.173Z"},"timestamp":"2025-08-11T07:14:34.173Z"}
{"level":"info","message":{"file":"index.js","function":"requestLogger","ip":"::1","level":"info","message":">>>>> HTTP GET Request recieved at /health URL with payload {}>>>>>","method":"GET","statusCode":200,"timestamp":"2025-08-11T07:14:34.174Z","url":"/health"},"timestamp":"2025-08-11T07:14:34.175Z"}
{"level":"info","message":{"file":"index.js","function":"requestLogger","ip":"::1","level":"info","message":">>>>> HTTP GET Request recieved at /health URL with payload {}>>>>>","method":"GET","statusCode":200,"timestamp":"2025-08-11T07:14:34.175Z","url":"/health"},"timestamp":"2025-08-11T07:14:34.175Z"}
{"level":"info","message":{"file":"91","function":"/health","level":"info","message":"Health check endpoint hit","timestamp":"2025-08-11T07:15:01.556Z"},"timestamp":"2025-08-11T07:15:01.557Z"}
{"level":"info","message":{"file":"index.js","function":"requestLogger","ip":"::1","level":"info","message":">>>>> HTTP GET Request recieved at /health URL with payload {}>>>>>","method":"GET","statusCode":200,"timestamp":"2025-08-11T07:15:01.558Z","url":"/health"},"timestamp":"2025-08-11T07:15:01.559Z"}
{"level":"info","message":{"file":"index.js","function":"requestLogger","ip":"::1","level":"info","message":">>>>> HTTP GET Request recieved at /health URL with payload {}>>>>>","method":"GET","statusCode":200,"timestamp":"2025-08-11T07:15:01.559Z","url":"/health"},"timestamp":"2025-08-11T07:15:01.559Z"}
{"level":"warn","message":{"file":"auth.js","function":"protectMiddleware","ip":"::ffff:172.21.0.1","level":"warn","message":"No token found in request","timestamp":"2025-08-11T07:15:20.229Z"},"timestamp":"2025-08-11T07:15:20.230Z"}
{"level":"error","message":{"error":"You are not logged in! Please log in to get access.","file":"errorHandler.js","function":"globalErrorHandler","ip":"::ffff:172.21.0.1","level":"error","message":"ERROR 💥","method":"GET","timestamp":"2025-08-11T07:15:20.231Z","url":"/users/test-user-123"},"timestamp":"2025-08-11T07:15:20.232Z"}
{"level":"warn","message":{"file":"index.js","function":"requestLogger","ip":"::ffff:172.21.0.1","level":"warn","message":">>>>> HTTP GET Request recieved at /users/test-user-123 URL with payload {}>>>>>","method":"GET","statusCode":401,"timestamp":"2025-08-11T07:15:20.233Z","url":"/users/test-user-123"},"timestamp":"2025-08-11T07:15:20.233Z"}
{"level":"warn","message":{"file":"index.js","function":"requestLogger","ip":"::ffff:172.21.0.1","level":"warn","message":">>>>> HTTP GET Request recieved at /users/test-user-123 URL with payload {}>>>>>","method":"GET","statusCode":401,"timestamp":"2025-08-11T07:15:20.233Z","url":"/users/test-user-123"},"timestamp":"2025-08-11T07:15:20.234Z"}
{"level":"warn","message":{"file":"auth.js","function":"protectMiddleware","ip":"::ffff:172.21.0.1","level":"warn","message":"No token found in request","timestamp":"2025-08-11T07:15:20.384Z"},"timestamp":"2025-08-11T07:15:20.385Z"}
{"level":"error","message":{"error":"You are not logged in! Please log in to get access.","file":"errorHandler.js","function":"globalErrorHandler","ip":"::ffff:172.21.0.1","level":"error","message":"ERROR 💥","method":"GET","timestamp":"2025-08-11T07:15:20.385Z","url":"/users/test-user-123"},"timestamp":"2025-08-11T07:15:20.386Z"}
{"level":"warn","message":{"file":"index.js","function":"requestLogger","ip":"::ffff:172.21.0.1","level":"warn","message":">>>>> HTTP GET Request recieved at /users/test-user-123 URL with payload {}>>>>>","method":"GET","statusCode":401,"timestamp":"2025-08-11T07:15:20.387Z","url":"/users/test-user-123"},"timestamp":"2025-08-11T07:15:20.389Z"}
{"level":"warn","message":{"file":"index.js","function":"requestLogger","ip":"::ffff:172.21.0.1","level":"warn","message":">>>>> HTTP GET Request recieved at /users/test-user-123 URL with payload {}>>>>>","method":"GET","statusCode":401,"timestamp":"2025-08-11T07:15:20.389Z","url":"/users/test-user-123"},"timestamp":"2025-08-11T07:15:20.390Z"}
{"level":"warn","message":{"file":"auth.js","function":"protectMiddleware","ip":"::ffff:172.21.0.1","level":"warn","message":"No token found in request","timestamp":"2025-08-11T07:15:23.198Z"},"timestamp":"2025-08-11T07:15:23.199Z"}
{"level":"error","message":{"error":"You are not logged in! Please log in to get access.","file":"errorHandler.js","function":"globalErrorHandler","ip":"::ffff:172.21.0.1","level":"error","message":"ERROR 💥","method":"GET","timestamp":"2025-08-11T07:15:23.199Z","url":"/users/test-user-123"},"timestamp":"2025-08-11T07:15:23.199Z"}
{"level":"warn","message":{"file":"index.js","function":"requestLogger","ip":"::ffff:172.21.0.1","level":"warn","message":">>>>> HTTP GET Request recieved at /users/test-user-123 URL with payload {}>>>>>","method":"GET","statusCode":401,"timestamp":"2025-08-11T07:15:23.201Z","url":"/users/test-user-123"},"timestamp":"2025-08-11T07:15:23.202Z"}
{"level":"warn","message":{"file":"index.js","function":"requestLogger","ip":"::ffff:172.21.0.1","level":"warn","message":">>>>> HTTP GET Request recieved at /users/test-user-123 URL with payload {}>>>>>","method":"GET","statusCode":401,"timestamp":"2025-08-11T07:15:23.202Z","url":"/users/test-user-123"},"timestamp":"2025-08-11T07:15:23.203Z"}
{"level":"warn","message":{"file":"auth.js","function":"protectMiddleware","ip":"::ffff:172.21.0.1","level":"warn","message":"No token found in request","timestamp":"2025-08-11T07:15:23.206Z"},"timestamp":"2025-08-11T07:15:23.206Z"}
{"level":"error","message":{"error":"You are not logged in! Please log in to get access.","file":"errorHandler.js","function":"globalErrorHandler","ip":"::ffff:172.21.0.1","level":"error","message":"ERROR 💥","method":"GET","timestamp":"2025-08-11T07:15:23.207Z","url":"/users/test-user-123"},"timestamp":"2025-08-11T07:15:23.207Z"}
{"level":"warn","message":{"file":"index.js","function":"requestLogger","ip":"::ffff:172.21.0.1","level":"warn","message":">>>>> HTTP GET Request recieved at /users/test-user-123 URL with payload {}>>>>>","method":"GET","statusCode":401,"timestamp":"2025-08-11T07:15:23.209Z","url":"/users/test-user-123"},"timestamp":"2025-08-11T07:15:23.209Z"}
{"level":"warn","message":{"file":"index.js","function":"requestLogger","ip":"::ffff:172.21.0.1","level":"warn","message":">>>>> HTTP GET Request recieved at /users/test-user-123 URL with payload {}>>>>>","method":"GET","statusCode":401,"timestamp":"2025-08-11T07:15:23.209Z","url":"/users/test-user-123"},"timestamp":"2025-08-11T07:15:23.210Z"}
{"level":"warn","message":{"file":"auth.js","function":"protectMiddleware","ip":"::ffff:172.21.0.1","level":"warn","message":"No token found in request","timestamp":"2025-08-11T07:15:23.221Z"},"timestamp":"2025-08-11T07:15:23.222Z"}
{"level":"error","message":{"error":"You are not logged in! Please log in to get access.","file":"errorHandler.js","function":"globalErrorHandler","ip":"::ffff:172.21.0.1","level":"error","message":"ERROR 💥","method":"GET","timestamp":"2025-08-11T07:15:23.223Z","url":"/users/test-user-123"},"timestamp":"2025-08-11T07:15:23.223Z"}
{"level":"warn","message":{"file":"index.js","function":"requestLogger","ip":"::ffff:172.21.0.1","level":"warn","message":">>>>> HTTP GET Request recieved at /users/test-user-123 URL with payload {}>>>>>","method":"GET","statusCode":401,"timestamp":"2025-08-11T07:15:23.224Z","url":"/users/test-user-123"},"timestamp":"2025-08-11T07:15:23.225Z"}
{"level":"warn","message":{"file":"index.js","function":"requestLogger","ip":"::ffff:172.21.0.1","level":"warn","message":">>>>> HTTP GET Request recieved at /users/test-user-123 URL with payload {}>>>>>","method":"GET","statusCode":401,"timestamp":"2025-08-11T07:15:23.225Z","url":"/users/test-user-123"},"timestamp":"2025-08-11T07:15:23.226Z"}
{"level":"warn","message":{"file":"auth.js","function":"protectMiddleware","ip":"::ffff:172.21.0.1","level":"warn","message":"No token found in request","timestamp":"2025-08-11T07:15:23.230Z"},"timestamp":"2025-08-11T07:15:23.231Z"}
{"level":"error","message":{"error":"You are not logged in! Please log in to get access.","file":"errorHandler.js","function":"globalErrorHandler","ip":"::ffff:172.21.0.1","level":"error","message":"ERROR 💥","method":"GET","timestamp":"2025-08-11T07:15:23.231Z","url":"/users/test-user-123"},"timestamp":"2025-08-11T07:15:23.232Z"}
{"level":"warn","message":{"file":"index.js","function":"requestLogger","ip":"::ffff:172.21.0.1","level":"warn","message":">>>>> HTTP GET Request recieved at /users/test-user-123 URL with payload {}>>>>>","method":"GET","statusCode":401,"timestamp":"2025-08-11T07:15:23.234Z","url":"/users/test-user-123"},"timestamp":"2025-08-11T07:15:23.235Z"}
{"level":"warn","message":{"file":"index.js","function":"requestLogger","ip":"::ffff:172.21.0.1","level":"warn","message":">>>>> HTTP GET Request recieved at /users/test-user-123 URL with payload {}>>>>>","method":"GET","statusCode":401,"timestamp":"2025-08-11T07:15:23.235Z","url":"/users/test-user-123"},"timestamp":"2025-08-11T07:15:23.235Z"}
{"level":"warn","message":{"file":"auth.js","function":"protectMiddleware","ip":"::ffff:172.21.0.1","level":"warn","message":"No token found in request","timestamp":"2025-08-11T07:15:23.241Z"},"timestamp":"2025-08-11T07:15:23.241Z"}
{"level":"error","message":{"error":"You are not logged in! Please log in to get access.","file":"errorHandler.js","function":"globalErrorHandler","ip":"::ffff:172.21.0.1","level":"error","message":"ERROR 💥","method":"GET","timestamp":"2025-08-11T07:15:23.249Z","url":"/users/test-user-123"},"timestamp":"2025-08-11T07:15:23.249Z"}
{"level":"warn","message":{"file":"index.js","function":"requestLogger","ip":"::ffff:172.21.0.1","level":"warn","message":">>>>> HTTP GET Request recieved at /users/test-user-123 URL with payload {}>>>>>","method":"GET","statusCode":401,"timestamp":"2025-08-11T07:15:23.251Z","url":"/users/test-user-123"},"timestamp":"2025-08-11T07:15:23.252Z"}
{"level":"warn","message":{"file":"index.js","function":"requestLogger","ip":"::ffff:172.21.0.1","level":"warn","message":">>>>> HTTP GET Request recieved at /users/test-user-123 URL with payload {}>>>>>","method":"GET","statusCode":401,"timestamp":"2025-08-11T07:15:23.252Z","url":"/users/test-user-123"},"timestamp":"2025-08-11T07:15:23.253Z"}
{"level":"warn","message":{"file":"auth.js","function":"protectMiddleware","ip":"::ffff:172.21.0.1","level":"warn","message":"No token found in request","timestamp":"2025-08-11T07:15:23.254Z"},"timestamp":"2025-08-11T07:15:23.255Z"}
{"level":"error","message":{"error":"You are not logged in! Please log in to get access.","file":"errorHandler.js","function":"globalErrorHandler","ip":"::ffff:172.21.0.1","level":"error","message":"ERROR 💥","method":"GET","timestamp":"2025-08-11T07:15:23.255Z","url":"/users/test-user-123"},"timestamp":"2025-08-11T07:15:23.256Z"}
{"level":"warn","message":{"file":"index.js","function":"requestLogger","ip":"::ffff:172.21.0.1","level":"warn","message":">>>>> HTTP GET Request recieved at /users/test-user-123 URL with payload {}>>>>>","method":"GET","statusCode":401,"timestamp":"2025-08-11T07:15:23.257Z","url":"/users/test-user-123"},"timestamp":"2025-08-11T07:15:23.257Z"}
{"level":"warn","message":{"file":"index.js","function":"requestLogger","ip":"::ffff:172.21.0.1","level":"warn","message":">>>>> HTTP GET Request recieved at /users/test-user-123 URL with payload {}>>>>>","method":"GET","statusCode":401,"timestamp":"2025-08-11T07:15:23.258Z","url":"/users/test-user-123"},"timestamp":"2025-08-11T07:15:23.258Z"}
{"level":"warn","message":{"file":"auth.js","function":"protectMiddleware","ip":"::ffff:172.21.0.1","level":"warn","message":"No token found in request","timestamp":"2025-08-11T07:15:23.259Z"},"timestamp":"2025-08-11T07:15:23.259Z"}
{"level":"error","message":{"error":"You are not logged in! Please log in to get access.","file":"errorHandler.js","function":"globalErrorHandler","ip":"::ffff:172.21.0.1","level":"error","message":"ERROR 💥","method":"GET","timestamp":"2025-08-11T07:15:23.260Z","url":"/users/test-user-123"},"timestamp":"2025-08-11T07:15:23.260Z"}
{"level":"warn","message":{"file":"index.js","function":"requestLogger","ip":"::ffff:172.21.0.1","level":"warn","message":">>>>> HTTP GET Request recieved at /users/test-user-123 URL with payload {}>>>>>","method":"GET","statusCode":401,"timestamp":"2025-08-11T07:15:23.261Z","url":"/users/test-user-123"},"timestamp":"2025-08-11T07:15:23.262Z"}
{"level":"warn","message":{"file":"index.js","function":"requestLogger","ip":"::ffff:172.21.0.1","level":"warn","message":">>>>> HTTP GET Request recieved at /users/test-user-123 URL with payload {}>>>>>","method":"GET","statusCode":401,"timestamp":"2025-08-11T07:15:23.262Z","url":"/users/test-user-123"},"timestamp":"2025-08-11T07:15:23.262Z"}
{"level":"warn","message":{"file":"auth.js","function":"protectMiddleware","ip":"::ffff:172.21.0.1","level":"warn","message":"No token found in request","timestamp":"2025-08-11T07:15:23.309Z"},"timestamp":"2025-08-11T07:15:23.311Z"}
{"level":"error","message":{"error":"You are not logged in! Please log in to get access.","file":"errorHandler.js","function":"globalErrorHandler","ip":"::ffff:172.21.0.1","level":"error","message":"ERROR 💥","method":"GET","timestamp":"2025-08-11T07:15:23.313Z","url":"/users/test-user-123"},"timestamp":"2025-08-11T07:15:23.318Z"}
{"level":"warn","message":{"file":"index.js","function":"requestLogger","ip":"::ffff:172.21.0.1","level":"warn","message":">>>>> HTTP GET Request recieved at /users/test-user-123 URL with payload {}>>>>>","method":"GET","statusCode":401,"timestamp":"2025-08-11T07:15:23.320Z","url":"/users/test-user-123"},"timestamp":"2025-08-11T07:15:23.321Z"}
{"level":"warn","message":{"file":"index.js","function":"requestLogger","ip":"::ffff:172.21.0.1","level":"warn","message":">>>>> HTTP GET Request recieved at /users/test-user-123 URL with payload {}>>>>>","method":"GET","statusCode":401,"timestamp":"2025-08-11T07:15:23.321Z","url":"/users/test-user-123"},"timestamp":"2025-08-11T07:15:23.322Z"}
{"level":"warn","message":{"file":"auth.js","function":"protectMiddleware","ip":"::ffff:172.21.0.1","level":"warn","message":"No token found in request","timestamp":"2025-08-11T07:15:23.324Z"},"timestamp":"2025-08-11T07:15:23.326Z"}
{"level":"error","message":{"error":"You are not logged in! Please log in to get access.","file":"errorHandler.js","function":"globalErrorHandler","ip":"::ffff:172.21.0.1","level":"error","message":"ERROR 💥","method":"GET","timestamp":"2025-08-11T07:15:23.327Z","url":"/users/test-user-123"},"timestamp":"2025-08-11T07:15:23.329Z"}
{"level":"warn","message":{"file":"index.js","function":"requestLogger","ip":"::ffff:172.21.0.1","level":"warn","message":">>>>> HTTP GET Request recieved at /users/test-user-123 URL with payload {}>>>>>","method":"GET","statusCode":401,"timestamp":"2025-08-11T07:15:23.333Z","url":"/users/test-user-123"},"timestamp":"2025-08-11T07:15:23.334Z"}
{"level":"warn","message":{"file":"index.js","function":"requestLogger","ip":"::ffff:172.21.0.1","level":"warn","message":">>>>> HTTP GET Request recieved at /users/test-user-123 URL with payload {}>>>>>","method":"GET","statusCode":401,"timestamp":"2025-08-11T07:15:23.334Z","url":"/users/test-user-123"},"timestamp":"2025-08-11T07:15:23.335Z"}
{"level":"warn","message":{"file":"auth.js","function":"protectMiddleware","ip":"::ffff:172.21.0.1","level":"warn","message":"No token found in request","timestamp":"2025-08-11T07:15:23.337Z"},"timestamp":"2025-08-11T07:15:23.340Z"}
{"level":"error","message":{"error":"You are not logged in! Please log in to get access.","file":"errorHandler.js","function":"globalErrorHandler","ip":"::ffff:172.21.0.1","level":"error","message":"ERROR 💥","method":"GET","timestamp":"2025-08-11T07:15:23.340Z","url":"/users/test-user-123"},"timestamp":"2025-08-11T07:15:23.341Z"}
{"level":"warn","message":{"file":"index.js","function":"requestLogger","ip":"::ffff:172.21.0.1","level":"warn","message":">>>>> HTTP GET Request recieved at /users/test-user-123 URL with payload {}>>>>>","method":"GET","statusCode":401,"timestamp":"2025-08-11T07:15:23.343Z","url":"/users/test-user-123"},"timestamp":"2025-08-11T07:15:23.344Z"}
{"level":"warn","message":{"file":"index.js","function":"requestLogger","ip":"::ffff:172.21.0.1","level":"warn","message":">>>>> HTTP GET Request recieved at /users/test-user-123 URL with payload {}>>>>>","method":"GET","statusCode":401,"timestamp":"2025-08-11T07:15:23.344Z","url":"/users/test-user-123"},"timestamp":"2025-08-11T07:15:23.344Z"}
{"level":"warn","message":{"file":"auth.js","function":"protectMiddleware","ip":"::ffff:172.21.0.1","level":"warn","message":"No token found in request","timestamp":"2025-08-11T07:15:23.351Z"},"timestamp":"2025-08-11T07:15:23.352Z"}
{"level":"error","message":{"error":"You are not logged in! Please log in to get access.","file":"errorHandler.js","function":"globalErrorHandler","ip":"::ffff:172.21.0.1","level":"error","message":"ERROR 💥","method":"GET","timestamp":"2025-08-11T07:15:23.353Z","url":"/users/test-user-123"},"timestamp":"2025-08-11T07:15:23.354Z"}
{"level":"warn","message":{"file":"index.js","function":"requestLogger","ip":"::ffff:172.21.0.1","level":"warn","message":">>>>> HTTP GET Request recieved at /users/test-user-123 URL with payload {}>>>>>","method":"GET","statusCode":401,"timestamp":"2025-08-11T07:15:23.356Z","url":"/users/test-user-123"},"timestamp":"2025-08-11T07:15:23.356Z"}
{"level":"warn","message":{"file":"index.js","function":"requestLogger","ip":"::ffff:172.21.0.1","level":"warn","message":">>>>> HTTP GET Request recieved at /users/test-user-123 URL with payload {}>>>>>","method":"GET","statusCode":401,"timestamp":"2025-08-11T07:15:23.357Z","url":"/users/test-user-123"},"timestamp":"2025-08-11T07:15:23.357Z"}
{"level":"warn","message":{"file":"auth.js","function":"protectMiddleware","ip":"::ffff:172.21.0.1","level":"warn","message":"No token found in request","timestamp":"2025-08-11T07:15:23.359Z"},"timestamp":"2025-08-11T07:15:23.359Z"}
{"level":"error","message":{"error":"You are not logged in! Please log in to get access.","file":"errorHandler.js","function":"globalErrorHandler","ip":"::ffff:172.21.0.1","level":"error","message":"ERROR 💥","method":"GET","timestamp":"2025-08-11T07:15:23.360Z","url":"/users/test-user-123"},"timestamp":"2025-08-11T07:15:23.360Z"}
{"level":"warn","message":{"file":"index.js","function":"requestLogger","ip":"::ffff:172.21.0.1","level":"warn","message":">>>>> HTTP GET Request recieved at /users/test-user-123 URL with payload {}>>>>>","method":"GET","statusCode":401,"timestamp":"2025-08-11T07:15:23.362Z","url":"/users/test-user-123"},"timestamp":"2025-08-11T07:15:23.362Z"}
{"level":"warn","message":{"file":"index.js","function":"requestLogger","ip":"::ffff:172.21.0.1","level":"warn","message":">>>>> HTTP GET Request recieved at /users/test-user-123 URL with payload {}>>>>>","method":"GET","statusCode":401,"timestamp":"2025-08-11T07:15:23.363Z","url":"/users/test-user-123"},"timestamp":"2025-08-11T07:15:23.364Z"}
{"level":"warn","message":{"file":"auth.js","function":"protectMiddleware","ip":"::ffff:172.21.0.1","level":"warn","message":"No token found in request","timestamp":"2025-08-11T07:15:23.366Z"},"timestamp":"2025-08-11T07:15:23.367Z"}
{"level":"error","message":{"error":"You are not logged in! Please log in to get access.","file":"errorHandler.js","function":"globalErrorHandler","ip":"::ffff:172.21.0.1","level":"error","message":"ERROR 💥","method":"GET","timestamp":"2025-08-11T07:15:23.367Z","url":"/users/test-user-123"},"timestamp":"2025-08-11T07:15:23.369Z"}
{"level":"warn","message":{"file":"index.js","function":"requestLogger","ip":"::ffff:172.21.0.1","level":"warn","message":">>>>> HTTP GET Request recieved at /users/test-user-123 URL with payload {}>>>>>","method":"GET","statusCode":401,"timestamp":"2025-08-11T07:15:23.375Z","url":"/users/test-user-123"},"timestamp":"2025-08-11T07:15:23.376Z"}
{"level":"warn","message":{"file":"index.js","function":"requestLogger","ip":"::ffff:172.21.0.1","level":"warn","message":">>>>> HTTP GET Request recieved at /users/test-user-123 URL with payload {}>>>>>","method":"GET","statusCode":401,"timestamp":"2025-08-11T07:15:23.376Z","url":"/users/test-user-123"},"timestamp":"2025-08-11T07:15:23.377Z"}
{"level":"warn","message":{"file":"auth.js","function":"protectMiddleware","ip":"::ffff:172.21.0.1","level":"warn","message":"No token found in request","timestamp":"2025-08-11T07:15:23.378Z"},"timestamp":"2025-08-11T07:15:23.380Z"}
{"level":"error","message":{"error":"You are not logged in! Please log in to get access.","file":"errorHandler.js","function":"globalErrorHandler","ip":"::ffff:172.21.0.1","level":"error","message":"ERROR 💥","method":"GET","timestamp":"2025-08-11T07:15:23.381Z","url":"/users/test-user-123"},"timestamp":"2025-08-11T07:15:23.381Z"}
{"level":"warn","message":{"file":"index.js","function":"requestLogger","ip":"::ffff:172.21.0.1","level":"warn","message":">>>>> HTTP GET Request recieved at /users/test-user-123 URL with payload {}>>>>>","method":"GET","statusCode":401,"timestamp":"2025-08-11T07:15:23.382Z","url":"/users/test-user-123"},"timestamp":"2025-08-11T07:15:23.383Z"}
{"level":"warn","message":{"file":"index.js","function":"requestLogger","ip":"::ffff:172.21.0.1","level":"warn","message":">>>>> HTTP GET Request recieved at /users/test-user-123 URL with payload {}>>>>>","method":"GET","statusCode":401,"timestamp":"2025-08-11T07:15:23.383Z","url":"/users/test-user-123"},"timestamp":"2025-08-11T07:15:23.384Z"}
{"level":"warn","message":{"file":"auth.js","function":"protectMiddleware","ip":"::ffff:172.21.0.1","level":"warn","message":"No token found in request","timestamp":"2025-08-11T07:15:23.387Z"},"timestamp":"2025-08-11T07:15:23.388Z"}
{"level":"error","message":{"error":"You are not logged in! Please log in to get access.","file":"errorHandler.js","function":"globalErrorHandler","ip":"::ffff:172.21.0.1","level":"error","message":"ERROR 💥","method":"GET","timestamp":"2025-08-11T07:15:23.395Z","url":"/users/test-user-123"},"timestamp":"2025-08-11T07:15:23.397Z"}
{"level":"warn","message":{"file":"index.js","function":"requestLogger","ip":"::ffff:172.21.0.1","level":"warn","message":">>>>> HTTP GET Request recieved at /users/test-user-123 URL with payload {}>>>>>","method":"GET","statusCode":401,"timestamp":"2025-08-11T07:15:23.399Z","url":"/users/test-user-123"},"timestamp":"2025-08-11T07:15:23.399Z"}
{"level":"warn","message":{"file":"index.js","function":"requestLogger","ip":"::ffff:172.21.0.1","level":"warn","message":">>>>> HTTP GET Request recieved at /users/test-user-123 URL with payload {}>>>>>","method":"GET","statusCode":401,"timestamp":"2025-08-11T07:15:23.399Z","url":"/users/test-user-123"},"timestamp":"2025-08-11T07:15:23.400Z"}
{"level":"warn","message":{"file":"auth.js","function":"protectMiddleware","ip":"::ffff:172.21.0.1","level":"warn","message":"No token found in request","timestamp":"2025-08-11T07:15:23.402Z"},"timestamp":"2025-08-11T07:15:23.404Z"}
{"level":"error","message":{"error":"You are not logged in! Please log in to get access.","file":"errorHandler.js","function":"globalErrorHandler","ip":"::ffff:172.21.0.1","level":"error","message":"ERROR 💥","method":"GET","timestamp":"2025-08-11T07:15:23.404Z","url":"/users/test-user-123"},"timestamp":"2025-08-11T07:15:23.405Z"}
{"level":"warn","message":{"file":"index.js","function":"requestLogger","ip":"::ffff:172.21.0.1","level":"warn","message":">>>>> HTTP GET Request recieved at /users/test-user-123 URL with payload {}>>>>>","method":"GET","statusCode":401,"timestamp":"2025-08-11T07:15:23.408Z","url":"/users/test-user-123"},"timestamp":"2025-08-11T07:15:23.408Z"}
{"level":"warn","message":{"file":"index.js","function":"requestLogger","ip":"::ffff:172.21.0.1","level":"warn","message":">>>>> HTTP GET Request recieved at /users/test-user-123 URL with payload {}>>>>>","method":"GET","statusCode":401,"timestamp":"2025-08-11T07:15:23.409Z","url":"/users/test-user-123"},"timestamp":"2025-08-11T07:15:23.409Z"}
{"level":"warn","message":{"file":"auth.js","function":"protectMiddleware","ip":"::ffff:172.21.0.1","level":"warn","message":"No token found in request","timestamp":"2025-08-11T07:15:23.410Z"},"timestamp":"2025-08-11T07:15:23.410Z"}
{"level":"error","message":{"error":"You are not logged in! Please log in to get access.","file":"errorHandler.js","function":"globalErrorHandler","ip":"::ffff:172.21.0.1","level":"error","message":"ERROR 💥","method":"GET","timestamp":"2025-08-11T07:15:23.411Z","url":"/users/test-user-123"},"timestamp":"2025-08-11T07:15:23.411Z"}
{"level":"warn","message":{"file":"index.js","function":"requestLogger","ip":"::ffff:172.21.0.1","level":"warn","message":">>>>> HTTP GET Request recieved at /users/test-user-123 URL with payload {}>>>>>","method":"GET","statusCode":401,"timestamp":"2025-08-11T07:15:23.412Z","url":"/users/test-user-123"},"timestamp":"2025-08-11T07:15:23.413Z"}
{"level":"warn","message":{"file":"index.js","function":"requestLogger","ip":"::ffff:172.21.0.1","level":"warn","message":">>>>> HTTP GET Request recieved at /users/test-user-123 URL with payload {}>>>>>","method":"GET","statusCode":401,"timestamp":"2025-08-11T07:15:23.413Z","url":"/users/test-user-123"},"timestamp":"2025-08-11T07:15:23.413Z"}
{"level":"warn","message":{"file":"auth.js","function":"protectMiddleware","ip":"::ffff:172.21.0.1","level":"warn","message":"No token found in request","timestamp":"2025-08-11T07:15:23.414Z"},"timestamp":"2025-08-11T07:15:23.415Z"}
{"level":"error","message":{"error":"You are not logged in! Please log in to get access.","file":"errorHandler.js","function":"globalErrorHandler","ip":"::ffff:172.21.0.1","level":"error","message":"ERROR 💥","method":"GET","timestamp":"2025-08-11T07:15:23.415Z","url":"/users/test-user-123"},"timestamp":"2025-08-11T07:15:23.415Z"}
{"level":"warn","message":{"file":"index.js","function":"requestLogger","ip":"::ffff:172.21.0.1","level":"warn","message":">>>>> HTTP GET Request recieved at /users/test-user-123 URL with payload {}>>>>>","method":"GET","statusCode":401,"timestamp":"2025-08-11T07:15:23.417Z","url":"/users/test-user-123"},"timestamp":"2025-08-11T07:15:23.418Z"}
{"level":"warn","message":{"file":"index.js","function":"requestLogger","ip":"::ffff:172.21.0.1","level":"warn","message":">>>>> HTTP GET Request recieved at /users/test-user-123 URL with payload {}>>>>>","method":"GET","statusCode":401,"timestamp":"2025-08-11T07:15:23.418Z","url":"/users/test-user-123"},"timestamp":"2025-08-11T07:15:23.418Z"}
{"level":"warn","message":{"file":"auth.js","function":"protectMiddleware","ip":"::ffff:172.21.0.1","level":"warn","message":"No token found in request","timestamp":"2025-08-11T07:15:23.422Z"},"timestamp":"2025-08-11T07:15:23.423Z"}
{"level":"error","message":{"error":"You are not logged in! Please log in to get access.","file":"errorHandler.js","function":"globalErrorHandler","ip":"::ffff:172.21.0.1","level":"error","message":"ERROR 💥","method":"GET","timestamp":"2025-08-11T07:15:23.423Z","url":"/users/test-user-123"},"timestamp":"2025-08-11T07:15:23.424Z"}
{"level":"warn","message":{"file":"index.js","function":"requestLogger","ip":"::ffff:172.21.0.1","level":"warn","message":">>>>> HTTP GET Request recieved at /users/test-user-123 URL with payload {}>>>>>","method":"GET","statusCode":401,"timestamp":"2025-08-11T07:15:23.428Z","url":"/users/test-user-123"},"timestamp":"2025-08-11T07:15:23.428Z"}
{"level":"warn","message":{"file":"index.js","function":"requestLogger","ip":"::ffff:172.21.0.1","level":"warn","message":">>>>> HTTP GET Request recieved at /users/test-user-123 URL with payload {}>>>>>","method":"GET","statusCode":401,"timestamp":"2025-08-11T07:15:23.428Z","url":"/users/test-user-123"},"timestamp":"2025-08-11T07:15:23.429Z"}
{"level":"warn","message":{"file":"auth.js","function":"protectMiddleware","ip":"::ffff:172.21.0.1","level":"warn","message":"No token found in request","timestamp":"2025-08-11T07:15:23.432Z"},"timestamp":"2025-08-11T07:15:23.432Z"}
{"level":"error","message":{"error":"You are not logged in! Please log in to get access.","file":"errorHandler.js","function":"globalErrorHandler","ip":"::ffff:172.21.0.1","level":"error","message":"ERROR 💥","method":"GET","timestamp":"2025-08-11T07:15:23.433Z","url":"/users/test-user-123"},"timestamp":"2025-08-11T07:15:23.433Z"}
{"level":"warn","message":{"file":"index.js","function":"requestLogger","ip":"::ffff:172.21.0.1","level":"warn","message":">>>>> HTTP GET Request recieved at /users/test-user-123 URL with payload {}>>>>>","method":"GET","statusCode":401,"timestamp":"2025-08-11T07:15:23.435Z","url":"/users/test-user-123"},"timestamp":"2025-08-11T07:15:23.435Z"}
{"level":"warn","message":{"file":"index.js","function":"requestLogger","ip":"::ffff:172.21.0.1","level":"warn","message":">>>>> HTTP GET Request recieved at /users/test-user-123 URL with payload {}>>>>>","method":"GET","statusCode":401,"timestamp":"2025-08-11T07:15:23.436Z","url":"/users/test-user-123"},"timestamp":"2025-08-11T07:15:23.436Z"}
{"level":"warn","message":{"file":"auth.js","function":"protectMiddleware","ip":"::ffff:172.21.0.1","level":"warn","message":"No token found in request","timestamp":"2025-08-11T07:15:23.462Z"},"timestamp":"2025-08-11T07:15:23.463Z"}
{"level":"error","message":{"error":"You are not logged in! Please log in to get access.","file":"errorHandler.js","function":"globalErrorHandler","ip":"::ffff:172.21.0.1","level":"error","message":"ERROR 💥","method":"GET","timestamp":"2025-08-11T07:15:23.463Z","url":"/users/test-user-123"},"timestamp":"2025-08-11T07:15:23.464Z"}
{"level":"warn","message":{"file":"index.js","function":"requestLogger","ip":"::ffff:172.21.0.1","level":"warn","message":">>>>> HTTP GET Request recieved at /users/test-user-123 URL with payload {}>>>>>","method":"GET","statusCode":401,"timestamp":"2025-08-11T07:15:23.465Z","url":"/users/test-user-123"},"timestamp":"2025-08-11T07:15:23.466Z"}
{"level":"warn","message":{"file":"index.js","function":"requestLogger","ip":"::ffff:172.21.0.1","level":"warn","message":">>>>> HTTP GET Request recieved at /users/test-user-123 URL with payload {}>>>>>","method":"GET","statusCode":401,"timestamp":"2025-08-11T07:15:23.467Z","url":"/users/test-user-123"},"timestamp":"2025-08-11T07:15:23.468Z"}
{"level":"info","message":{"file":"91","function":"/health","level":"info","message":"Health check endpoint hit","timestamp":"2025-08-11T07:15:29.046Z"},"timestamp":"2025-08-11T07:15:29.047Z"}
{"level":"info","message":{"file":"index.js","function":"requestLogger","ip":"::1","level":"info","message":">>>>> HTTP GET Request recieved at /health URL with payload {}>>>>>","method":"GET","statusCode":200,"timestamp":"2025-08-11T07:15:29.048Z","url":"/health"},"timestamp":"2025-08-11T07:15:29.048Z"}
{"level":"info","message":{"file":"index.js","function":"requestLogger","ip":"::1","level":"info","message":">>>>> HTTP GET Request recieved at /health URL with payload {}>>>>>","method":"GET","statusCode":200,"timestamp":"2025-08-11T07:15:29.048Z","url":"/health"},"timestamp":"2025-08-11T07:15:29.048Z"}
{"level":"info","message":{"file":"91","function":"/health","level":"info","message":"Health check endpoint hit","timestamp":"2025-08-11T07:15:56.444Z"},"timestamp":"2025-08-11T07:15:56.445Z"}
{"level":"info","message":{"file":"index.js","function":"requestLogger","ip":"::1","level":"info","message":">>>>> HTTP GET Request recieved at /health URL with payload {}>>>>>","method":"GET","statusCode":200,"timestamp":"2025-08-11T07:15:56.446Z","url":"/health"},"timestamp":"2025-08-11T07:15:56.446Z"}
{"level":"info","message":{"file":"index.js","function":"requestLogger","ip":"::1","level":"info","message":">>>>> HTTP GET Request recieved at /health URL with payload {}>>>>>","method":"GET","statusCode":200,"timestamp":"2025-08-11T07:15:56.446Z","url":"/health"},"timestamp":"2025-08-11T07:15:56.447Z"}
{"level":"info","message":{"file":"91","function":"/health","level":"info","message":"Health check endpoint hit","timestamp":"2025-08-11T07:16:23.909Z"},"timestamp":"2025-08-11T07:16:23.910Z"}
{"level":"info","message":{"file":"index.js","function":"requestLogger","ip":"::1","level":"info","message":">>>>> HTTP GET Request recieved at /health URL with payload {}>>>>>","method":"GET","statusCode":200,"timestamp":"2025-08-11T07:16:23.912Z","url":"/health"},"timestamp":"2025-08-11T07:16:23.912Z"}
{"level":"info","message":{"file":"index.js","function":"requestLogger","ip":"::1","level":"info","message":">>>>> HTTP GET Request recieved at /health URL with payload {}>>>>>","method":"GET","statusCode":200,"timestamp":"2025-08-11T07:16:23.912Z","url":"/health"},"timestamp":"2025-08-11T07:16:23.913Z"}
{"level":"info","message":{"file":"91","function":"/health","level":"info","message":"Health check endpoint hit","timestamp":"2025-08-11T07:16:51.389Z"},"timestamp":"2025-08-11T07:16:51.389Z"}
{"level":"info","message":{"file":"index.js","function":"requestLogger","ip":"::1","level":"info","message":">>>>> HTTP GET Request recieved at /health URL with payload {}>>>>>","method":"GET","statusCode":200,"timestamp":"2025-08-11T07:16:51.390Z","url":"/health"},"timestamp":"2025-08-11T07:16:51.390Z"}
{"level":"info","message":{"file":"index.js","function":"requestLogger","ip":"::1","level":"info","message":">>>>> HTTP GET Request recieved at /health URL with payload {}>>>>>","method":"GET","statusCode":200,"timestamp":"2025-08-11T07:16:51.391Z","url":"/health"},"timestamp":"2025-08-11T07:16:51.391Z"}
{"level":"info","message":{"file":"91","function":"/health","level":"info","message":"Health check endpoint hit","timestamp":"2025-08-11T07:17:18.767Z"},"timestamp":"2025-08-11T07:17:18.768Z"}
{"level":"info","message":{"file":"index.js","function":"requestLogger","ip":"::1","level":"info","message":">>>>> HTTP GET Request recieved at /health URL with payload {}>>>>>","method":"GET","statusCode":200,"timestamp":"2025-08-11T07:17:18.769Z","url":"/health"},"timestamp":"2025-08-11T07:17:18.770Z"}
{"level":"info","message":{"file":"index.js","function":"requestLogger","ip":"::1","level":"info","message":">>>>> HTTP GET Request recieved at /health URL with payload {}>>>>>","method":"GET","statusCode":200,"timestamp":"2025-08-11T07:17:18.770Z","url":"/health"},"timestamp":"2025-08-11T07:17:18.770Z"}
{"level":"info","message":{"file":"91","function":"/health","level":"info","message":"Health check endpoint hit","timestamp":"2025-08-11T07:17:46.154Z"},"timestamp":"2025-08-11T07:17:46.154Z"}
{"level":"info","message":{"file":"index.js","function":"requestLogger","ip":"::1","level":"info","message":">>>>> HTTP GET Request recieved at /health URL with payload {}>>>>>","method":"GET","statusCode":200,"timestamp":"2025-08-11T07:17:46.155Z","url":"/health"},"timestamp":"2025-08-11T07:17:46.155Z"}
{"level":"info","message":{"file":"index.js","function":"requestLogger","ip":"::1","level":"info","message":">>>>> HTTP GET Request recieved at /health URL with payload {}>>>>>","method":"GET","statusCode":200,"timestamp":"2025-08-11T07:17:46.155Z","url":"/health"},"timestamp":"2025-08-11T07:17:46.155Z"}
{"level":"warn","message":{"file":"auth.js","function":"protectMiddleware","ip":"::ffff:172.21.0.1","level":"warn","message":"No token found in request","timestamp":"2025-08-11T07:17:56.639Z"},"timestamp":"2025-08-11T07:17:56.640Z"}
{"level":"error","message":{"error":"You are not logged in! Please log in to get access.","file":"errorHandler.js","function":"globalErrorHandler","ip":"::ffff:172.21.0.1","level":"error","message":"ERROR 💥","method":"GET","timestamp":"2025-08-11T07:17:56.641Z","url":"/users/user-123"},"timestamp":"2025-08-11T07:17:56.641Z"}
{"level":"warn","message":{"file":"index.js","function":"requestLogger","ip":"::ffff:172.21.0.1","level":"warn","message":">>>>> HTTP GET Request recieved at /users/user-123 URL with payload {}>>>>>","method":"GET","statusCode":401,"timestamp":"2025-08-11T07:17:56.642Z","url":"/users/user-123"},"timestamp":"2025-08-11T07:17:56.643Z"}
{"level":"warn","message":{"file":"index.js","function":"requestLogger","ip":"::ffff:172.21.0.1","level":"warn","message":">>>>> HTTP GET Request recieved at /users/user-123 URL with payload {}>>>>>","method":"GET","statusCode":401,"timestamp":"2025-08-11T07:17:56.643Z","url":"/users/user-123"},"timestamp":"2025-08-11T07:17:56.643Z"}
{"level":"info","message":{"file":"91","function":"/health","level":"info","message":"Health check endpoint hit","timestamp":"2025-08-11T07:18:13.541Z"},"timestamp":"2025-08-11T07:18:13.541Z"}
{"level":"info","message":{"file":"index.js","function":"requestLogger","ip":"::1","level":"info","message":">>>>> HTTP GET Request recieved at /health URL with payload {}>>>>>","method":"GET","statusCode":200,"timestamp":"2025-08-11T07:18:13.542Z","url":"/health"},"timestamp":"2025-08-11T07:18:13.542Z"}
{"level":"info","message":{"file":"index.js","function":"requestLogger","ip":"::1","level":"info","message":">>>>> HTTP GET Request recieved at /health URL with payload {}>>>>>","method":"GET","statusCode":200,"timestamp":"2025-08-11T07:18:13.542Z","url":"/health"},"timestamp":"2025-08-11T07:18:13.542Z"}
{"level":"info","message":{"file":"91","function":"/health","level":"info","message":"Health check endpoint hit","timestamp":"2025-08-11T07:18:41.052Z"},"timestamp":"2025-08-11T07:18:41.053Z"}
{"level":"info","message":{"file":"index.js","function":"requestLogger","ip":"::1","level":"info","message":">>>>> HTTP GET Request recieved at /health URL with payload {}>>>>>","method":"GET","statusCode":200,"timestamp":"2025-08-11T07:18:41.054Z","url":"/health"},"timestamp":"2025-08-11T07:18:41.054Z"}
{"level":"info","message":{"file":"index.js","function":"requestLogger","ip":"::1","level":"info","message":">>>>> HTTP GET Request recieved at /health URL with payload {}>>>>>","method":"GET","statusCode":200,"timestamp":"2025-08-11T07:18:41.054Z","url":"/health"},"timestamp":"2025-08-11T07:18:41.054Z"}
{"level":"info","message":{"file":"91","function":"/health","level":"info","message":"Health check endpoint hit","timestamp":"2025-08-11T07:19:08.501Z"},"timestamp":"2025-08-11T07:19:08.502Z"}
{"level":"info","message":{"file":"index.js","function":"requestLogger","ip":"::1","level":"info","message":">>>>> HTTP GET Request recieved at /health URL with payload {}>>>>>","method":"GET","statusCode":200,"timestamp":"2025-08-11T07:19:08.502Z","url":"/health"},"timestamp":"2025-08-11T07:19:08.503Z"}
{"level":"info","message":{"file":"index.js","function":"requestLogger","ip":"::1","level":"info","message":">>>>> HTTP GET Request recieved at /health URL with payload {}>>>>>","method":"GET","statusCode":200,"timestamp":"2025-08-11T07:19:08.503Z","url":"/health"},"timestamp":"2025-08-11T07:19:08.503Z"}
{"level":"info","message":{"file":"91","function":"/health","level":"info","message":"Health check endpoint hit","timestamp":"2025-08-11T07:19:35.932Z"},"timestamp":"2025-08-11T07:19:35.933Z"}
{"level":"info","message":{"file":"index.js","function":"requestLogger","ip":"::1","level":"info","message":">>>>> HTTP GET Request recieved at /health URL with payload {}>>>>>","method":"GET","statusCode":200,"timestamp":"2025-08-11T07:19:35.933Z","url":"/health"},"timestamp":"2025-08-11T07:19:35.934Z"}
{"level":"info","message":{"file":"index.js","function":"requestLogger","ip":"::1","level":"info","message":">>>>> HTTP GET Request recieved at /health URL with payload {}>>>>>","method":"GET","statusCode":200,"timestamp":"2025-08-11T07:19:35.934Z","url":"/health"},"timestamp":"2025-08-11T07:19:35.934Z"}
{"level":"info","message":{"file":"91","function":"/health","level":"info","message":"Health check endpoint hit","timestamp":"2025-08-11T07:20:03.311Z"},"timestamp":"2025-08-11T07:20:03.311Z"}
{"level":"info","message":{"file":"index.js","function":"requestLogger","ip":"::1","level":"info","message":">>>>> HTTP GET Request recieved at /health URL with payload {}>>>>>","method":"GET","statusCode":200,"timestamp":"2025-08-11T07:20:03.312Z","url":"/health"},"timestamp":"2025-08-11T07:20:03.312Z"}
{"level":"info","message":{"file":"index.js","function":"requestLogger","ip":"::1","level":"info","message":">>>>> HTTP GET Request recieved at /health URL with payload {}>>>>>","method":"GET","statusCode":200,"timestamp":"2025-08-11T07:20:03.312Z","url":"/health"},"timestamp":"2025-08-11T07:20:03.312Z"}
{"level":"info","message":{"file":"91","function":"/health","level":"info","message":"Health check endpoint hit","timestamp":"2025-08-11T07:20:30.724Z"},"timestamp":"2025-08-11T07:20:30.724Z"}
{"level":"info","message":{"file":"index.js","function":"requestLogger","ip":"::1","level":"info","message":">>>>> HTTP GET Request recieved at /health URL with payload {}>>>>>","method":"GET","statusCode":200,"timestamp":"2025-08-11T07:20:30.725Z","url":"/health"},"timestamp":"2025-08-11T07:20:30.725Z"}
{"level":"info","message":{"file":"index.js","function":"requestLogger","ip":"::1","level":"info","message":">>>>> HTTP GET Request recieved at /health URL with payload {}>>>>>","method":"GET","statusCode":200,"timestamp":"2025-08-11T07:20:30.725Z","url":"/health"},"timestamp":"2025-08-11T07:20:30.725Z"}
{"level":"info","message":{"file":"91","function":"/health","level":"info","message":"Health check endpoint hit","timestamp":"2025-08-11T07:20:58.131Z"},"timestamp":"2025-08-11T07:20:58.132Z"}
{"level":"info","message":{"file":"index.js","function":"requestLogger","ip":"::1","level":"info","message":">>>>> HTTP GET Request recieved at /health URL with payload {}>>>>>","method":"GET","statusCode":200,"timestamp":"2025-08-11T07:20:58.132Z","url":"/health"},"timestamp":"2025-08-11T07:20:58.133Z"}
{"level":"info","message":{"file":"index.js","function":"requestLogger","ip":"::1","level":"info","message":">>>>> HTTP GET Request recieved at /health URL with payload {}>>>>>","method":"GET","statusCode":200,"timestamp":"2025-08-11T07:20:58.133Z","url":"/health"},"timestamp":"2025-08-11T07:20:58.133Z"}
{"level":"info","message":{"file":"91","function":"/health","level":"info","message":"Health check endpoint hit","timestamp":"2025-08-11T07:21:25.499Z"},"timestamp":"2025-08-11T07:21:25.500Z"}
{"level":"info","message":{"file":"index.js","function":"requestLogger","ip":"::1","level":"info","message":">>>>> HTTP GET Request recieved at /health URL with payload {}>>>>>","method":"GET","statusCode":200,"timestamp":"2025-08-11T07:21:25.500Z","url":"/health"},"timestamp":"2025-08-11T07:21:25.500Z"}
{"level":"info","message":{"file":"index.js","function":"requestLogger","ip":"::1","level":"info","message":">>>>> HTTP GET Request recieved at /health URL with payload {}>>>>>","method":"GET","statusCode":200,"timestamp":"2025-08-11T07:21:25.500Z","url":"/health"},"timestamp":"2025-08-11T07:21:25.501Z"}
{"level":"info","message":{"file":"91","function":"/health","level":"info","message":"Health check endpoint hit","timestamp":"2025-08-11T07:21:52.890Z"},"timestamp":"2025-08-11T07:21:52.891Z"}
{"level":"info","message":{"file":"index.js","function":"requestLogger","ip":"::1","level":"info","message":">>>>> HTTP GET Request recieved at /health URL with payload {}>>>>>","method":"GET","statusCode":200,"timestamp":"2025-08-11T07:21:52.892Z","url":"/health"},"timestamp":"2025-08-11T07:21:52.892Z"}
{"level":"info","message":{"file":"index.js","function":"requestLogger","ip":"::1","level":"info","message":">>>>> HTTP GET Request recieved at /health URL with payload {}>>>>>","method":"GET","statusCode":200,"timestamp":"2025-08-11T07:21:52.892Z","url":"/health"},"timestamp":"2025-08-11T07:21:52.892Z"}
{"level":"info","message":{"file":"91","function":"/health","level":"info","message":"Health check endpoint hit","timestamp":"2025-08-11T07:22:20.297Z"},"timestamp":"2025-08-11T07:22:20.298Z"}
{"level":"info","message":{"file":"index.js","function":"requestLogger","ip":"::1","level":"info","message":">>>>> HTTP GET Request recieved at /health URL with payload {}>>>>>","method":"GET","statusCode":200,"timestamp":"2025-08-11T07:22:20.298Z","url":"/health"},"timestamp":"2025-08-11T07:22:20.299Z"}
{"level":"info","message":{"file":"index.js","function":"requestLogger","ip":"::1","level":"info","message":">>>>> HTTP GET Request recieved at /health URL with payload {}>>>>>","method":"GET","statusCode":200,"timestamp":"2025-08-11T07:22:20.299Z","url":"/health"},"timestamp":"2025-08-11T07:22:20.299Z"}
{"level":"info","message":{"file":"91","function":"/health","level":"info","message":"Health check endpoint hit","timestamp":"2025-08-11T07:22:47.799Z"},"timestamp":"2025-08-11T07:22:47.799Z"}
{"level":"info","message":{"file":"index.js","function":"requestLogger","ip":"::1","level":"info","message":">>>>> HTTP GET Request recieved at /health URL with payload {}>>>>>","method":"GET","statusCode":200,"timestamp":"2025-08-11T07:22:47.802Z","url":"/health"},"timestamp":"2025-08-11T07:22:47.802Z"}
{"level":"info","message":{"file":"index.js","function":"requestLogger","ip":"::1","level":"info","message":">>>>> HTTP GET Request recieved at /health URL with payload {}>>>>>","method":"GET","statusCode":200,"timestamp":"2025-08-11T07:22:47.802Z","url":"/health"},"timestamp":"2025-08-11T07:22:47.803Z"}
{"level":"info","message":{"file":"91","function":"/health","level":"info","message":"Health check endpoint hit","timestamp":"2025-08-11T07:23:15.174Z"},"timestamp":"2025-08-11T07:23:15.174Z"}
{"level":"info","message":{"file":"index.js","function":"requestLogger","ip":"::1","level":"info","message":">>>>> HTTP GET Request recieved at /health URL with payload {}>>>>>","method":"GET","statusCode":200,"timestamp":"2025-08-11T07:23:15.175Z","url":"/health"},"timestamp":"2025-08-11T07:23:15.175Z"}
{"level":"info","message":{"file":"index.js","function":"requestLogger","ip":"::1","level":"info","message":">>>>> HTTP GET Request recieved at /health URL with payload {}>>>>>","method":"GET","statusCode":200,"timestamp":"2025-08-11T07:23:15.175Z","url":"/health"},"timestamp":"2025-08-11T07:23:15.175Z"}
{"level":"info","message":{"file":"91","function":"/health","level":"info","message":"Health check endpoint hit","timestamp":"2025-08-11T07:23:42.659Z"},"timestamp":"2025-08-11T07:23:42.660Z"}
{"level":"info","message":{"file":"index.js","function":"requestLogger","ip":"::1","level":"info","message":">>>>> HTTP GET Request recieved at /health URL with payload {}>>>>>","method":"GET","statusCode":200,"timestamp":"2025-08-11T07:23:42.662Z","url":"/health"},"timestamp":"2025-08-11T07:23:42.662Z"}
{"level":"info","message":{"file":"index.js","function":"requestLogger","ip":"::1","level":"info","message":">>>>> HTTP GET Request recieved at /health URL with payload {}>>>>>","method":"GET","statusCode":200,"timestamp":"2025-08-11T07:23:42.663Z","url":"/health"},"timestamp":"2025-08-11T07:23:42.663Z"}
{"level":"info","message":{"file":"91","function":"/health","level":"info","message":"Health check endpoint hit","timestamp":"2025-08-11T07:24:10.069Z"},"timestamp":"2025-08-11T07:24:10.069Z"}
{"level":"info","message":{"file":"index.js","function":"requestLogger","ip":"::1","level":"info","message":">>>>> HTTP GET Request recieved at /health URL with payload {}>>>>>","method":"GET","statusCode":200,"timestamp":"2025-08-11T07:24:10.070Z","url":"/health"},"timestamp":"2025-08-11T07:24:10.070Z"}
{"level":"info","message":{"file":"index.js","function":"requestLogger","ip":"::1","level":"info","message":">>>>> HTTP GET Request recieved at /health URL with payload {}>>>>>","method":"GET","statusCode":200,"timestamp":"2025-08-11T07:24:10.070Z","url":"/health"},"timestamp":"2025-08-11T07:24:10.070Z"}
{"level":"info","message":{"file":"91","function":"/health","level":"info","message":"Health check endpoint hit","timestamp":"2025-08-11T07:24:37.418Z"},"timestamp":"2025-08-11T07:24:37.419Z"}
{"level":"info","message":{"file":"index.js","function":"requestLogger","ip":"::1","level":"info","message":">>>>> HTTP GET Request recieved at /health URL with payload {}>>>>>","method":"GET","statusCode":200,"timestamp":"2025-08-11T07:24:37.419Z","url":"/health"},"timestamp":"2025-08-11T07:24:37.419Z"}
{"level":"info","message":{"file":"index.js","function":"requestLogger","ip":"::1","level":"info","message":">>>>> HTTP GET Request recieved at /health URL with payload {}>>>>>","method":"GET","statusCode":200,"timestamp":"2025-08-11T07:24:37.420Z","url":"/health"},"timestamp":"2025-08-11T07:24:37.420Z"}
{"level":"info","message":{"file":"91","function":"/health","level":"info","message":"Health check endpoint hit","timestamp":"2025-08-11T07:25:04.795Z"},"timestamp":"2025-08-11T07:25:04.795Z"}
{"level":"info","message":{"file":"index.js","function":"requestLogger","ip":"::1","level":"info","message":">>>>> HTTP GET Request recieved at /health URL with payload {}>>>>>","method":"GET","statusCode":200,"timestamp":"2025-08-11T07:25:04.796Z","url":"/health"},"timestamp":"2025-08-11T07:25:04.796Z"}
{"level":"info","message":{"file":"index.js","function":"requestLogger","ip":"::1","level":"info","message":">>>>> HTTP GET Request recieved at /health URL with payload {}>>>>>","method":"GET","statusCode":200,"timestamp":"2025-08-11T07:25:04.796Z","url":"/health"},"timestamp":"2025-08-11T07:25:04.797Z"}
{"level":"info","message":{"file":"91","function":"/health","level":"info","message":"Health check endpoint hit","timestamp":"2025-08-11T07:25:32.217Z"},"timestamp":"2025-08-11T07:25:32.218Z"}
{"level":"info","message":{"file":"index.js","function":"requestLogger","ip":"::1","level":"info","message":">>>>> HTTP GET Request recieved at /health URL with payload {}>>>>>","method":"GET","statusCode":200,"timestamp":"2025-08-11T07:25:32.219Z","url":"/health"},"timestamp":"2025-08-11T07:25:32.219Z"}
{"level":"info","message":{"file":"index.js","function":"requestLogger","ip":"::1","level":"info","message":">>>>> HTTP GET Request recieved at /health URL with payload {}>>>>>","method":"GET","statusCode":200,"timestamp":"2025-08-11T07:25:32.219Z","url":"/health"},"timestamp":"2025-08-11T07:25:32.219Z"}
{"level":"info","message":{"file":"91","function":"/health","level":"info","message":"Health check endpoint hit","timestamp":"2025-08-11T07:25:59.713Z"},"timestamp":"2025-08-11T07:25:59.716Z"}
{"level":"info","message":{"file":"index.js","function":"requestLogger","ip":"::1","level":"info","message":">>>>> HTTP GET Request recieved at /health URL with payload {}>>>>>","method":"GET","statusCode":200,"timestamp":"2025-08-11T07:25:59.723Z","url":"/health"},"timestamp":"2025-08-11T07:25:59.725Z"}
{"level":"info","message":{"file":"index.js","function":"requestLogger","ip":"::1","level":"info","message":">>>>> HTTP GET Request recieved at /health URL with payload {}>>>>>","method":"GET","statusCode":200,"timestamp":"2025-08-11T07:25:59.726Z","url":"/health"},"timestamp":"2025-08-11T07:25:59.727Z"}
{"level":"info","message":{"file":"91","function":"/health","level":"info","message":"Health check endpoint hit","timestamp":"2025-08-11T07:26:27.149Z"},"timestamp":"2025-08-11T07:26:27.150Z"}
{"level":"info","message":{"file":"index.js","function":"requestLogger","ip":"::1","level":"info","message":">>>>> HTTP GET Request recieved at /health URL with payload {}>>>>>","method":"GET","statusCode":200,"timestamp":"2025-08-11T07:26:27.151Z","url":"/health"},"timestamp":"2025-08-11T07:26:27.151Z"}
{"level":"info","message":{"file":"index.js","function":"requestLogger","ip":"::1","level":"info","message":">>>>> HTTP GET Request recieved at /health URL with payload {}>>>>>","method":"GET","statusCode":200,"timestamp":"2025-08-11T07:26:27.151Z","url":"/health"},"timestamp":"2025-08-11T07:26:27.151Z"}
{"level":"info","message":{"file":"91","function":"/health","level":"info","message":"Health check endpoint hit","timestamp":"2025-08-11T07:26:54.605Z"},"timestamp":"2025-08-11T07:26:54.606Z"}
{"level":"info","message":{"file":"index.js","function":"requestLogger","ip":"::1","level":"info","message":">>>>> HTTP GET Request recieved at /health URL with payload {}>>>>>","method":"GET","statusCode":200,"timestamp":"2025-08-11T07:26:54.607Z","url":"/health"},"timestamp":"2025-08-11T07:26:54.608Z"}
{"level":"info","message":{"file":"index.js","function":"requestLogger","ip":"::1","level":"info","message":">>>>> HTTP GET Request recieved at /health URL with payload {}>>>>>","method":"GET","statusCode":200,"timestamp":"2025-08-11T07:26:54.608Z","url":"/health"},"timestamp":"2025-08-11T07:26:54.608Z"}
{"level":"error","message":{"file":"database.js","function":"prismaError","level":"error","message":"Error in PostgreSQL connection: Error { kind: Db, cause: Some(DbError { severity: \"FATAL\", parsed_severity: Some(Fatal), code: SqlState(E57P01), message: \"terminating connection due to administrator command\", detail: None, hint: None, position: None, where_: None, schema: None, table: None, column: None, datatype: None, constraint: None, file: Some(\"postgres.c\"), line: Some(3286), routine: Some(\"ProcessInterrupts\") }) }","target":"quaint::connector::postgres::native","timestamp":"2025-08-11T07:27:08.550Z"},"timestamp":"2025-08-11T07:27:08.556Z"}
{"level":"info","message":{"file":"index.js","function":"gracefulShutdown","level":"info","message":"SIGTERM received, shutting down gracefully","signal":"SIGTERM","timestamp":"2025-08-11T07:27:10.389Z"},"timestamp":"2025-08-11T07:27:10.390Z"}
{"level":"info","message":{"file":"database.js","function":"disconnect","level":"info","message":"Database connection closed gracefully","service":"user-service","timestamp":"2025-08-11T07:27:10.418Z"},"timestamp":"2025-08-11T07:27:10.419Z"}
{"level":"info","message":{"file":"database.js","function":"testConnection","level":"info","message":"Database connection established successfully","service":"user-service","timestamp":"2025-08-11T07:27:23.311Z"},"timestamp":"2025-08-11T07:27:23.318Z"}
{"level":"info","message":{"environment":"production","file":"index.js","function":"startServer","level":"info","message":"user-service listening on port 3001","port":3001,"service":"user-service","timestamp":"2025-08-11T07:27:23.320Z"},"timestamp":"2025-08-11T07:27:23.321Z"}
{"level":"info","message":{"file":"91","function":"/health","level":"info","message":"Health check endpoint hit","timestamp":"2025-08-11T07:27:27.747Z"},"timestamp":"2025-08-11T07:27:27.747Z"}
{"level":"info","message":{"file":"index.js","function":"requestLogger","ip":"::1","level":"info","message":">>>>> HTTP GET Request recieved at /health URL with payload {}>>>>>","method":"GET","statusCode":200,"timestamp":"2025-08-11T07:27:27.755Z","url":"/health"},"timestamp":"2025-08-11T07:27:27.755Z"}
{"level":"info","message":{"file":"index.js","function":"requestLogger","ip":"::1","level":"info","message":">>>>> HTTP GET Request recieved at /health URL with payload {}>>>>>","method":"GET","statusCode":200,"timestamp":"2025-08-11T07:27:27.755Z","url":"/health"},"timestamp":"2025-08-11T07:27:27.756Z"}
{"level":"info","message":{"file":"91","function":"/health","level":"info","message":"Health check endpoint hit","timestamp":"2025-08-11T07:27:55.147Z"},"timestamp":"2025-08-11T07:27:55.149Z"}
{"level":"info","message":{"file":"index.js","function":"requestLogger","ip":"::1","level":"info","message":">>>>> HTTP GET Request recieved at /health URL with payload {}>>>>>","method":"GET","statusCode":200,"timestamp":"2025-08-11T07:27:55.151Z","url":"/health"},"timestamp":"2025-08-11T07:27:55.151Z"}
{"level":"info","message":{"file":"index.js","function":"requestLogger","ip":"::1","level":"info","message":">>>>> HTTP GET Request recieved at /health URL with payload {}>>>>>","method":"GET","statusCode":200,"timestamp":"2025-08-11T07:27:55.152Z","url":"/health"},"timestamp":"2025-08-11T07:27:55.152Z"}
{"level":"info","message":{"file":"91","function":"/health","level":"info","message":"Health check endpoint hit","timestamp":"2025-08-11T07:28:22.607Z"},"timestamp":"2025-08-11T07:28:22.607Z"}
{"level":"info","message":{"file":"index.js","function":"requestLogger","ip":"::1","level":"info","message":">>>>> HTTP GET Request recieved at /health URL with payload {}>>>>>","method":"GET","statusCode":200,"timestamp":"2025-08-11T07:28:22.609Z","url":"/health"},"timestamp":"2025-08-11T07:28:22.609Z"}
{"level":"info","message":{"file":"index.js","function":"requestLogger","ip":"::1","level":"info","message":">>>>> HTTP GET Request recieved at /health URL with payload {}>>>>>","method":"GET","statusCode":200,"timestamp":"2025-08-11T07:28:22.609Z","url":"/health"},"timestamp":"2025-08-11T07:28:22.609Z"}
{"level":"info","message":{"file":"91","function":"/health","level":"info","message":"Health check endpoint hit","timestamp":"2025-08-11T07:28:50.073Z"},"timestamp":"2025-08-11T07:28:50.074Z"}
{"level":"info","message":{"file":"index.js","function":"requestLogger","ip":"::1","level":"info","message":">>>>> HTTP GET Request recieved at /health URL with payload {}>>>>>","method":"GET","statusCode":200,"timestamp":"2025-08-11T07:28:50.077Z","url":"/health"},"timestamp":"2025-08-11T07:28:50.077Z"}
{"level":"info","message":{"file":"index.js","function":"requestLogger","ip":"::1","level":"info","message":">>>>> HTTP GET Request recieved at /health URL with payload {}>>>>>","method":"GET","statusCode":200,"timestamp":"2025-08-11T07:28:50.077Z","url":"/health"},"timestamp":"2025-08-11T07:28:50.078Z"}
{"level":"info","message":{"file":"91","function":"/health","level":"info","message":"Health check endpoint hit","timestamp":"2025-08-11T07:29:17.485Z"},"timestamp":"2025-08-11T07:29:17.486Z"}
{"level":"info","message":{"file":"index.js","function":"requestLogger","ip":"::1","level":"info","message":">>>>> HTTP GET Request recieved at /health URL with payload {}>>>>>","method":"GET","statusCode":200,"timestamp":"2025-08-11T07:29:17.487Z","url":"/health"},"timestamp":"2025-08-11T07:29:17.487Z"}
{"level":"info","message":{"file":"index.js","function":"requestLogger","ip":"::1","level":"info","message":">>>>> HTTP GET Request recieved at /health URL with payload {}>>>>>","method":"GET","statusCode":200,"timestamp":"2025-08-11T07:29:17.487Z","url":"/health"},"timestamp":"2025-08-11T07:29:17.487Z"}
{"level":"info","message":{"file":"91","function":"/health","level":"info","message":"Health check endpoint hit","timestamp":"2025-08-11T07:29:44.846Z"},"timestamp":"2025-08-11T07:29:44.847Z"}
{"level":"info","message":{"file":"index.js","function":"requestLogger","ip":"::1","level":"info","message":">>>>> HTTP GET Request recieved at /health URL with payload {}>>>>>","method":"GET","statusCode":200,"timestamp":"2025-08-11T07:29:44.848Z","url":"/health"},"timestamp":"2025-08-11T07:29:44.848Z"}
{"level":"info","message":{"file":"index.js","function":"requestLogger","ip":"::1","level":"info","message":">>>>> HTTP GET Request recieved at /health URL with payload {}>>>>>","method":"GET","statusCode":200,"timestamp":"2025-08-11T07:29:44.848Z","url":"/health"},"timestamp":"2025-08-11T07:29:44.848Z"}
{"level":"info","message":{"file":"91","function":"/health","level":"info","message":"Health check endpoint hit","timestamp":"2025-08-11T07:30:12.239Z"},"timestamp":"2025-08-11T07:30:12.240Z"}
{"level":"info","message":{"file":"index.js","function":"requestLogger","ip":"::1","level":"info","message":">>>>> HTTP GET Request recieved at /health URL with payload {}>>>>>","method":"GET","statusCode":200,"timestamp":"2025-08-11T07:30:12.241Z","url":"/health"},"timestamp":"2025-08-11T07:30:12.241Z"}
{"level":"info","message":{"file":"index.js","function":"requestLogger","ip":"::1","level":"info","message":">>>>> HTTP GET Request recieved at /health URL with payload {}>>>>>","method":"GET","statusCode":200,"timestamp":"2025-08-11T07:30:12.241Z","url":"/health"},"timestamp":"2025-08-11T07:30:12.241Z"}
{"level":"info","message":{"file":"91","function":"/health","level":"info","message":"Health check endpoint hit","timestamp":"2025-08-11T07:30:39.928Z"},"timestamp":"2025-08-11T07:30:39.936Z"}
{"level":"info","message":{"file":"index.js","function":"requestLogger","ip":"::1","level":"info","message":">>>>> HTTP GET Request recieved at /health URL with payload {}>>>>>","method":"GET","statusCode":200,"timestamp":"2025-08-11T07:30:39.937Z","url":"/health"},"timestamp":"2025-08-11T07:30:39.938Z"}
{"level":"info","message":{"file":"index.js","function":"requestLogger","ip":"::1","level":"info","message":">>>>> HTTP GET Request recieved at /health URL with payload {}>>>>>","method":"GET","statusCode":200,"timestamp":"2025-08-11T07:30:39.938Z","url":"/health"},"timestamp":"2025-08-11T07:30:39.939Z"}
{"level":"info","message":{"file":"91","function":"/health","level":"info","message":"Health check endpoint hit","timestamp":"2025-08-11T07:31:07.436Z"},"timestamp":"2025-08-11T07:31:07.437Z"}
{"level":"info","message":{"file":"index.js","function":"requestLogger","ip":"::1","level":"info","message":">>>>> HTTP GET Request recieved at /health URL with payload {}>>>>>","method":"GET","statusCode":200,"timestamp":"2025-08-11T07:31:07.442Z","url":"/health"},"timestamp":"2025-08-11T07:31:07.442Z"}
{"level":"info","message":{"file":"index.js","function":"requestLogger","ip":"::1","level":"info","message":">>>>> HTTP GET Request recieved at /health URL with payload {}>>>>>","method":"GET","statusCode":200,"timestamp":"2025-08-11T07:31:07.442Z","url":"/health"},"timestamp":"2025-08-11T07:31:07.443Z"}
{"level":"info","message":{"file":"91","function":"/health","level":"info","message":"Health check endpoint hit","timestamp":"2025-08-11T07:31:35.002Z"},"timestamp":"2025-08-11T07:31:35.003Z"}
{"level":"info","message":{"file":"index.js","function":"requestLogger","ip":"::1","level":"info","message":">>>>> HTTP GET Request recieved at /health URL with payload {}>>>>>","method":"GET","statusCode":200,"timestamp":"2025-08-11T07:31:35.005Z","url":"/health"},"timestamp":"2025-08-11T07:31:35.006Z"}
{"level":"info","message":{"file":"index.js","function":"requestLogger","ip":"::1","level":"info","message":">>>>> HTTP GET Request recieved at /health URL with payload {}>>>>>","method":"GET","statusCode":200,"timestamp":"2025-08-11T07:31:35.006Z","url":"/health"},"timestamp":"2025-08-11T07:31:35.006Z"}
{"level":"info","message":{"file":"91","function":"/health","level":"info","message":"Health check endpoint hit","timestamp":"2025-08-11T07:32:02.432Z"},"timestamp":"2025-08-11T07:32:02.433Z"}
{"level":"info","message":{"file":"index.js","function":"requestLogger","ip":"::1","level":"info","message":">>>>> HTTP GET Request recieved at /health URL with payload {}>>>>>","method":"GET","statusCode":200,"timestamp":"2025-08-11T07:32:02.434Z","url":"/health"},"timestamp":"2025-08-11T07:32:02.434Z"}
{"level":"info","message":{"file":"index.js","function":"requestLogger","ip":"::1","level":"info","message":">>>>> HTTP GET Request recieved at /health URL with payload {}>>>>>","method":"GET","statusCode":200,"timestamp":"2025-08-11T07:32:02.434Z","url":"/health"},"timestamp":"2025-08-11T07:32:02.435Z"}
{"level":"info","message":{"file":"91","function":"/health","level":"info","message":"Health check endpoint hit","timestamp":"2025-08-11T07:32:29.866Z"},"timestamp":"2025-08-11T07:32:29.867Z"}
{"level":"info","message":{"file":"index.js","function":"requestLogger","ip":"::1","level":"info","message":">>>>> HTTP GET Request recieved at /health URL with payload {}>>>>>","method":"GET","statusCode":200,"timestamp":"2025-08-11T07:32:29.868Z","url":"/health"},"timestamp":"2025-08-11T07:32:29.869Z"}
{"level":"info","message":{"file":"index.js","function":"requestLogger","ip":"::1","level":"info","message":">>>>> HTTP GET Request recieved at /health URL with payload {}>>>>>","method":"GET","statusCode":200,"timestamp":"2025-08-11T07:32:29.869Z","url":"/health"},"timestamp":"2025-08-11T07:32:29.869Z"}
{"level":"info","message":{"file":"91","function":"/health","level":"info","message":"Health check endpoint hit","timestamp":"2025-08-11T07:32:57.271Z"},"timestamp":"2025-08-11T07:32:57.271Z"}
{"level":"info","message":{"file":"index.js","function":"requestLogger","ip":"::1","level":"info","message":">>>>> HTTP GET Request recieved at /health URL with payload {}>>>>>","method":"GET","statusCode":200,"timestamp":"2025-08-11T07:32:57.272Z","url":"/health"},"timestamp":"2025-08-11T07:32:57.273Z"}
{"level":"info","message":{"file":"index.js","function":"requestLogger","ip":"::1","level":"info","message":">>>>> HTTP GET Request recieved at /health URL with payload {}>>>>>","method":"GET","statusCode":200,"timestamp":"2025-08-11T07:32:57.273Z","url":"/health"},"timestamp":"2025-08-11T07:32:57.273Z"}
{"level":"info","message":{"file":"91","function":"/health","level":"info","message":"Health check endpoint hit","timestamp":"2025-08-11T07:33:24.688Z"},"timestamp":"2025-08-11T07:33:24.688Z"}
{"level":"info","message":{"file":"index.js","function":"requestLogger","ip":"::1","level":"info","message":">>>>> HTTP GET Request recieved at /health URL with payload {}>>>>>","method":"GET","statusCode":200,"timestamp":"2025-08-11T07:33:24.689Z","url":"/health"},"timestamp":"2025-08-11T07:33:24.689Z"}
{"level":"info","message":{"file":"index.js","function":"requestLogger","ip":"::1","level":"info","message":">>>>> HTTP GET Request recieved at /health URL with payload {}>>>>>","method":"GET","statusCode":200,"timestamp":"2025-08-11T07:33:24.689Z","url":"/health"},"timestamp":"2025-08-11T07:33:24.689Z"}
{"level":"info","message":{"file":"91","function":"/health","level":"info","message":"Health check endpoint hit","timestamp":"2025-08-11T07:33:52.091Z"},"timestamp":"2025-08-11T07:33:52.091Z"}
{"level":"info","message":{"file":"index.js","function":"requestLogger","ip":"::1","level":"info","message":">>>>> HTTP GET Request recieved at /health URL with payload {}>>>>>","method":"GET","statusCode":200,"timestamp":"2025-08-11T07:33:52.092Z","url":"/health"},"timestamp":"2025-08-11T07:33:52.093Z"}
{"level":"info","message":{"file":"index.js","function":"requestLogger","ip":"::1","level":"info","message":">>>>> HTTP GET Request recieved at /health URL with payload {}>>>>>","method":"GET","statusCode":200,"timestamp":"2025-08-11T07:33:52.093Z","url":"/health"},"timestamp":"2025-08-11T07:33:52.093Z"}
{"level":"info","message":{"file":"91","function":"/health","level":"info","message":"Health check endpoint hit","timestamp":"2025-08-11T07:34:19.502Z"},"timestamp":"2025-08-11T07:34:19.503Z"}
{"level":"info","message":{"file":"index.js","function":"requestLogger","ip":"::1","level":"info","message":">>>>> HTTP GET Request recieved at /health URL with payload {}>>>>>","method":"GET","statusCode":200,"timestamp":"2025-08-11T07:34:19.504Z","url":"/health"},"timestamp":"2025-08-11T07:34:19.505Z"}
{"level":"info","message":{"file":"index.js","function":"requestLogger","ip":"::1","level":"info","message":">>>>> HTTP GET Request recieved at /health URL with payload {}>>>>>","method":"GET","statusCode":200,"timestamp":"2025-08-11T07:34:19.505Z","url":"/health"},"timestamp":"2025-08-11T07:34:19.505Z"}
{"level":"info","message":{"file":"91","function":"/health","level":"info","message":"Health check endpoint hit","timestamp":"2025-08-11T07:34:46.874Z"},"timestamp":"2025-08-11T07:34:46.875Z"}
{"level":"info","message":{"file":"index.js","function":"requestLogger","ip":"::1","level":"info","message":">>>>> HTTP GET Request recieved at /health URL with payload {}>>>>>","method":"GET","statusCode":200,"timestamp":"2025-08-11T07:34:46.875Z","url":"/health"},"timestamp":"2025-08-11T07:34:46.875Z"}
{"level":"info","message":{"file":"index.js","function":"requestLogger","ip":"::1","level":"info","message":">>>>> HTTP GET Request recieved at /health URL with payload {}>>>>>","method":"GET","statusCode":200,"timestamp":"2025-08-11T07:34:46.876Z","url":"/health"},"timestamp":"2025-08-11T07:34:46.876Z"}
{"level":"info","message":{"file":"91","function":"/health","level":"info","message":"Health check endpoint hit","timestamp":"2025-08-11T07:35:14.272Z"},"timestamp":"2025-08-11T07:35:14.272Z"}
{"level":"info","message":{"file":"index.js","function":"requestLogger","ip":"::1","level":"info","message":">>>>> HTTP GET Request recieved at /health URL with payload {}>>>>>","method":"GET","statusCode":200,"timestamp":"2025-08-11T07:35:14.273Z","url":"/health"},"timestamp":"2025-08-11T07:35:14.274Z"}
{"level":"info","message":{"file":"index.js","function":"requestLogger","ip":"::1","level":"info","message":">>>>> HTTP GET Request recieved at /health URL with payload {}>>>>>","method":"GET","statusCode":200,"timestamp":"2025-08-11T07:35:14.274Z","url":"/health"},"timestamp":"2025-08-11T07:35:14.274Z"}
{"level":"info","message":{"file":"91","function":"/health","level":"info","message":"Health check endpoint hit","timestamp":"2025-08-11T07:35:41.649Z"},"timestamp":"2025-08-11T07:35:41.650Z"}
{"level":"info","message":{"file":"index.js","function":"requestLogger","ip":"::1","level":"info","message":">>>>> HTTP GET Request recieved at /health URL with payload {}>>>>>","method":"GET","statusCode":200,"timestamp":"2025-08-11T07:35:41.651Z","url":"/health"},"timestamp":"2025-08-11T07:35:41.651Z"}
{"level":"info","message":{"file":"index.js","function":"requestLogger","ip":"::1","level":"info","message":">>>>> HTTP GET Request recieved at /health URL with payload {}>>>>>","method":"GET","statusCode":200,"timestamp":"2025-08-11T07:35:41.651Z","url":"/health"},"timestamp":"2025-08-11T07:35:41.651Z"}
{"level":"info","message":{"file":"91","function":"/health","level":"info","message":"Health check endpoint hit","timestamp":"2025-08-11T07:36:09.060Z"},"timestamp":"2025-08-11T07:36:09.061Z"}
{"level":"info","message":{"file":"index.js","function":"requestLogger","ip":"::1","level":"info","message":">>>>> HTTP GET Request recieved at /health URL with payload {}>>>>>","method":"GET","statusCode":200,"timestamp":"2025-08-11T07:36:09.063Z","url":"/health"},"timestamp":"2025-08-11T07:36:09.063Z"}
{"level":"info","message":{"file":"index.js","function":"requestLogger","ip":"::1","level":"info","message":">>>>> HTTP GET Request recieved at /health URL with payload {}>>>>>","method":"GET","statusCode":200,"timestamp":"2025-08-11T07:36:09.063Z","url":"/health"},"timestamp":"2025-08-11T07:36:09.063Z"}
{"level":"info","message":{"file":"91","function":"/health","level":"info","message":"Health check endpoint hit","timestamp":"2025-08-11T07:36:36.439Z"},"timestamp":"2025-08-11T07:36:36.440Z"}
{"level":"info","message":{"file":"index.js","function":"requestLogger","ip":"::1","level":"info","message":">>>>> HTTP GET Request recieved at /health URL with payload {}>>>>>","method":"GET","statusCode":200,"timestamp":"2025-08-11T07:36:36.441Z","url":"/health"},"timestamp":"2025-08-11T07:36:36.441Z"}
{"level":"info","message":{"file":"index.js","function":"requestLogger","ip":"::1","level":"info","message":">>>>> HTTP GET Request recieved at /health URL with payload {}>>>>>","method":"GET","statusCode":200,"timestamp":"2025-08-11T07:36:36.441Z","url":"/health"},"timestamp":"2025-08-11T07:36:36.441Z"}
{"level":"info","message":{"file":"91","function":"/health","level":"info","message":"Health check endpoint hit","timestamp":"2025-08-11T07:37:03.883Z"},"timestamp":"2025-08-11T07:37:03.885Z"}
{"level":"info","message":{"file":"index.js","function":"requestLogger","ip":"::1","level":"info","message":">>>>> HTTP GET Request recieved at /health URL with payload {}>>>>>","method":"GET","statusCode":200,"timestamp":"2025-08-11T07:37:03.886Z","url":"/health"},"timestamp":"2025-08-11T07:37:03.886Z"}
{"level":"info","message":{"file":"index.js","function":"requestLogger","ip":"::1","level":"info","message":">>>>> HTTP GET Request recieved at /health URL with payload {}>>>>>","method":"GET","statusCode":200,"timestamp":"2025-08-11T07:37:03.886Z","url":"/health"},"timestamp":"2025-08-11T07:37:03.887Z"}
{"level":"info","message":{"file":"91","function":"/health","level":"info","message":"Health check endpoint hit","timestamp":"2025-08-11T07:37:31.321Z"},"timestamp":"2025-08-11T07:37:31.322Z"}
{"level":"info","message":{"file":"index.js","function":"requestLogger","ip":"::1","level":"info","message":">>>>> HTTP GET Request recieved at /health URL with payload {}>>>>>","method":"GET","statusCode":200,"timestamp":"2025-08-11T07:37:31.326Z","url":"/health"},"timestamp":"2025-08-11T07:37:31.326Z"}
{"level":"info","message":{"file":"index.js","function":"requestLogger","ip":"::1","level":"info","message":">>>>> HTTP GET Request recieved at /health URL with payload {}>>>>>","method":"GET","statusCode":200,"timestamp":"2025-08-11T07:37:31.326Z","url":"/health"},"timestamp":"2025-08-11T07:37:31.327Z"}
{"level":"info","message":{"file":"91","function":"/health","level":"info","message":"Health check endpoint hit","timestamp":"2025-08-11T07:37:59.126Z"},"timestamp":"2025-08-11T07:37:59.127Z"}
{"level":"info","message":{"file":"index.js","function":"requestLogger","ip":"::1","level":"info","message":">>>>> HTTP GET Request recieved at /health URL with payload {}>>>>>","method":"GET","statusCode":200,"timestamp":"2025-08-11T07:37:59.180Z","url":"/health"},"timestamp":"2025-08-11T07:37:59.181Z"}
{"level":"info","message":{"file":"index.js","function":"requestLogger","ip":"::1","level":"info","message":">>>>> HTTP GET Request recieved at /health URL with payload {}>>>>>","method":"GET","statusCode":200,"timestamp":"2025-08-11T07:37:59.181Z","url":"/health"},"timestamp":"2025-08-11T07:37:59.182Z"}
{"level":"info","message":{"file":"91","function":"/health","level":"info","message":"Health check endpoint hit","timestamp":"2025-08-11T07:38:27.027Z"},"timestamp":"2025-08-11T07:38:27.027Z"}
{"level":"info","message":{"file":"index.js","function":"requestLogger","ip":"::1","level":"info","message":">>>>> HTTP GET Request recieved at /health URL with payload {}>>>>>","method":"GET","statusCode":200,"timestamp":"2025-08-11T07:38:27.029Z","url":"/health"},"timestamp":"2025-08-11T07:38:27.029Z"}
{"level":"info","message":{"file":"index.js","function":"requestLogger","ip":"::1","level":"info","message":">>>>> HTTP GET Request recieved at /health URL with payload {}>>>>>","method":"GET","statusCode":200,"timestamp":"2025-08-11T07:38:27.030Z","url":"/health"},"timestamp":"2025-08-11T07:38:27.030Z"}
{"level":"info","message":{"file":"91","function":"/health","level":"info","message":"Health check endpoint hit","timestamp":"2025-08-11T07:38:54.498Z"},"timestamp":"2025-08-11T07:38:54.499Z"}
{"level":"info","message":{"file":"index.js","function":"requestLogger","ip":"::1","level":"info","message":">>>>> HTTP GET Request recieved at /health URL with payload {}>>>>>","method":"GET","statusCode":200,"timestamp":"2025-08-11T07:38:54.501Z","url":"/health"},"timestamp":"2025-08-11T07:38:54.503Z"}
{"level":"info","message":{"file":"index.js","function":"requestLogger","ip":"::1","level":"info","message":">>>>> HTTP GET Request recieved at /health URL with payload {}>>>>>","method":"GET","statusCode":200,"timestamp":"2025-08-11T07:38:54.504Z","url":"/health"},"timestamp":"2025-08-11T07:38:54.504Z"}
{"level":"info","message":{"file":"91","function":"/health","level":"info","message":"Health check endpoint hit","timestamp":"2025-08-11T07:39:21.893Z"},"timestamp":"2025-08-11T07:39:21.893Z"}
{"level":"info","message":{"file":"index.js","function":"requestLogger","ip":"::1","level":"info","message":">>>>> HTTP GET Request recieved at /health URL with payload {}>>>>>","method":"GET","statusCode":200,"timestamp":"2025-08-11T07:39:21.894Z","url":"/health"},"timestamp":"2025-08-11T07:39:21.894Z"}
{"level":"info","message":{"file":"index.js","function":"requestLogger","ip":"::1","level":"info","message":">>>>> HTTP GET Request recieved at /health URL with payload {}>>>>>","method":"GET","statusCode":200,"timestamp":"2025-08-11T07:39:21.894Z","url":"/health"},"timestamp":"2025-08-11T07:39:21.895Z"}
{"level":"info","message":{"file":"91","function":"/health","level":"info","message":"Health check endpoint hit","timestamp":"2025-08-11T07:39:49.289Z"},"timestamp":"2025-08-11T07:39:49.290Z"}
{"level":"info","message":{"file":"index.js","function":"requestLogger","ip":"::1","level":"info","message":">>>>> HTTP GET Request recieved at /health URL with payload {}>>>>>","method":"GET","statusCode":200,"timestamp":"2025-08-11T07:39:49.291Z","url":"/health"},"timestamp":"2025-08-11T07:39:49.291Z"}
{"level":"info","message":{"file":"index.js","function":"requestLogger","ip":"::1","level":"info","message":">>>>> HTTP GET Request recieved at /health URL with payload {}>>>>>","method":"GET","statusCode":200,"timestamp":"2025-08-11T07:39:49.291Z","url":"/health"},"timestamp":"2025-08-11T07:39:49.291Z"}
{"level":"info","message":{"file":"91","function":"/health","level":"info","message":"Health check endpoint hit","timestamp":"2025-08-11T07:40:16.805Z"},"timestamp":"2025-08-11T07:40:16.805Z"}
{"level":"info","message":{"file":"index.js","function":"requestLogger","ip":"::1","level":"info","message":">>>>> HTTP GET Request recieved at /health URL with payload {}>>>>>","method":"GET","statusCode":200,"timestamp":"2025-08-11T07:40:16.807Z","url":"/health"},"timestamp":"2025-08-11T07:40:16.808Z"}
{"level":"info","message":{"file":"index.js","function":"requestLogger","ip":"::1","level":"info","message":">>>>> HTTP GET Request recieved at /health URL with payload {}>>>>>","method":"GET","statusCode":200,"timestamp":"2025-08-11T07:40:16.809Z","url":"/health"},"timestamp":"2025-08-11T07:40:16.809Z"}
{"level":"warn","message":{"file":"auth.js","function":"protectMiddleware","ip":"::ffff:172.21.0.1","level":"warn","message":"No token found in request","timestamp":"2025-08-11T07:40:22.660Z"},"timestamp":"2025-08-11T07:40:22.661Z"}
{"level":"error","message":{"error":"You are not logged in! Please log in to get access.","file":"errorHandler.js","function":"globalErrorHandler","ip":"::ffff:172.21.0.1","level":"error","message":"ERROR 💥","method":"GET","timestamp":"2025-08-11T07:40:22.663Z","url":"/users/user-123"},"timestamp":"2025-08-11T07:40:22.664Z"}
{"level":"warn","message":{"file":"index.js","function":"requestLogger","ip":"::ffff:172.21.0.1","level":"warn","message":">>>>> HTTP GET Request recieved at /users/user-123 URL with payload {}>>>>>","method":"GET","statusCode":401,"timestamp":"2025-08-11T07:40:22.665Z","url":"/users/user-123"},"timestamp":"2025-08-11T07:40:22.666Z"}
{"level":"warn","message":{"file":"index.js","function":"requestLogger","ip":"::ffff:172.21.0.1","level":"warn","message":">>>>> HTTP GET Request recieved at /users/user-123 URL with payload {}>>>>>","method":"GET","statusCode":401,"timestamp":"2025-08-11T07:40:22.666Z","url":"/users/user-123"},"timestamp":"2025-08-11T07:40:22.666Z"}
{"level":"info","message":{"file":"91","function":"/health","level":"info","message":"Health check endpoint hit","timestamp":"2025-08-11T07:40:44.244Z"},"timestamp":"2025-08-11T07:40:44.245Z"}
{"level":"info","message":{"file":"index.js","function":"requestLogger","ip":"::1","level":"info","message":">>>>> HTTP GET Request recieved at /health URL with payload {}>>>>>","method":"GET","statusCode":200,"timestamp":"2025-08-11T07:40:44.246Z","url":"/health"},"timestamp":"2025-08-11T07:40:44.246Z"}
{"level":"info","message":{"file":"index.js","function":"requestLogger","ip":"::1","level":"info","message":">>>>> HTTP GET Request recieved at /health URL with payload {}>>>>>","method":"GET","statusCode":200,"timestamp":"2025-08-11T07:40:44.247Z","url":"/health"},"timestamp":"2025-08-11T07:40:44.247Z"}
{"level":"info","message":{"file":"91","function":"/health","level":"info","message":"Health check endpoint hit","timestamp":"2025-08-11T07:41:11.938Z"},"timestamp":"2025-08-11T07:41:11.945Z"}
{"level":"info","message":{"file":"index.js","function":"requestLogger","ip":"::1","level":"info","message":">>>>> HTTP GET Request recieved at /health URL with payload {}>>>>>","method":"GET","statusCode":200,"timestamp":"2025-08-11T07:41:11.950Z","url":"/health"},"timestamp":"2025-08-11T07:41:11.951Z"}
{"level":"info","message":{"file":"index.js","function":"requestLogger","ip":"::1","level":"info","message":">>>>> HTTP GET Request recieved at /health URL with payload {}>>>>>","method":"GET","statusCode":200,"timestamp":"2025-08-11T07:41:11.951Z","url":"/health"},"timestamp":"2025-08-11T07:41:11.952Z"}
{"level":"info","message":{"file":"91","function":"/health","level":"info","message":"Health check endpoint hit","timestamp":"2025-08-11T07:41:39.446Z"},"timestamp":"2025-08-11T07:41:39.447Z"}
{"level":"info","message":{"file":"index.js","function":"requestLogger","ip":"::1","level":"info","message":">>>>> HTTP GET Request recieved at /health URL with payload {}>>>>>","method":"GET","statusCode":200,"timestamp":"2025-08-11T07:41:39.450Z","url":"/health"},"timestamp":"2025-08-11T07:41:39.450Z"}
{"level":"info","message":{"file":"index.js","function":"requestLogger","ip":"::1","level":"info","message":">>>>> HTTP GET Request recieved at /health URL with payload {}>>>>>","method":"GET","statusCode":200,"timestamp":"2025-08-11T07:41:39.451Z","url":"/health"},"timestamp":"2025-08-11T07:41:39.453Z"}
{"level":"info","message":{"file":"91","function":"/health","level":"info","message":"Health check endpoint hit","timestamp":"2025-08-11T07:42:06.871Z"},"timestamp":"2025-08-11T07:42:06.872Z"}
{"level":"info","message":{"file":"index.js","function":"requestLogger","ip":"::1","level":"info","message":">>>>> HTTP GET Request recieved at /health URL with payload {}>>>>>","method":"GET","statusCode":200,"timestamp":"2025-08-11T07:42:06.874Z","url":"/health"},"timestamp":"2025-08-11T07:42:06.875Z"}
{"level":"info","message":{"file":"index.js","function":"requestLogger","ip":"::1","level":"info","message":">>>>> HTTP GET Request recieved at /health URL with payload {}>>>>>","method":"GET","statusCode":200,"timestamp":"2025-08-11T07:42:06.875Z","url":"/health"},"timestamp":"2025-08-11T07:42:06.875Z"}
{"level":"info","message":{"file":"91","function":"/health","level":"info","message":"Health check endpoint hit","timestamp":"2025-08-11T07:42:34.351Z"},"timestamp":"2025-08-11T07:42:34.352Z"}
{"level":"info","message":{"file":"index.js","function":"requestLogger","ip":"::1","level":"info","message":">>>>> HTTP GET Request recieved at /health URL with payload {}>>>>>","method":"GET","statusCode":200,"timestamp":"2025-08-11T07:42:34.353Z","url":"/health"},"timestamp":"2025-08-11T07:42:34.354Z"}
{"level":"info","message":{"file":"index.js","function":"requestLogger","ip":"::1","level":"info","message":">>>>> HTTP GET Request recieved at /health URL with payload {}>>>>>","method":"GET","statusCode":200,"timestamp":"2025-08-11T07:42:34.354Z","url":"/health"},"timestamp":"2025-08-11T07:42:34.354Z"}
{"level":"info","message":{"file":"91","function":"/health","level":"info","message":"Health check endpoint hit","timestamp":"2025-08-11T07:43:01.828Z"},"timestamp":"2025-08-11T07:43:01.829Z"}
{"level":"info","message":{"file":"index.js","function":"requestLogger","ip":"::1","level":"info","message":">>>>> HTTP GET Request recieved at /health URL with payload {}>>>>>","method":"GET","statusCode":200,"timestamp":"2025-08-11T07:43:01.830Z","url":"/health"},"timestamp":"2025-08-11T07:43:01.831Z"}
{"level":"info","message":{"file":"index.js","function":"requestLogger","ip":"::1","level":"info","message":">>>>> HTTP GET Request recieved at /health URL with payload {}>>>>>","method":"GET","statusCode":200,"timestamp":"2025-08-11T07:43:01.831Z","url":"/health"},"timestamp":"2025-08-11T07:43:01.831Z"}
{"level":"info","message":{"file":"91","function":"/health","level":"info","message":"Health check endpoint hit","timestamp":"2025-08-11T07:43:29.223Z"},"timestamp":"2025-08-11T07:43:29.223Z"}
{"level":"info","message":{"file":"index.js","function":"requestLogger","ip":"::1","level":"info","message":">>>>> HTTP GET Request recieved at /health URL with payload {}>>>>>","method":"GET","statusCode":200,"timestamp":"2025-08-11T07:43:29.224Z","url":"/health"},"timestamp":"2025-08-11T07:43:29.225Z"}
{"level":"info","message":{"file":"index.js","function":"requestLogger","ip":"::1","level":"info","message":">>>>> HTTP GET Request recieved at /health URL with payload {}>>>>>","method":"GET","statusCode":200,"timestamp":"2025-08-11T07:43:29.225Z","url":"/health"},"timestamp":"2025-08-11T07:43:29.225Z"}
{"level":"info","message":{"file":"91","function":"/health","level":"info","message":"Health check endpoint hit","timestamp":"2025-08-11T07:43:56.645Z"},"timestamp":"2025-08-11T07:43:56.646Z"}
{"level":"info","message":{"file":"index.js","function":"requestLogger","ip":"::1","level":"info","message":">>>>> HTTP GET Request recieved at /health URL with payload {}>>>>>","method":"GET","statusCode":200,"timestamp":"2025-08-11T07:43:56.647Z","url":"/health"},"timestamp":"2025-08-11T07:43:56.648Z"}
{"level":"info","message":{"file":"index.js","function":"requestLogger","ip":"::1","level":"info","message":">>>>> HTTP GET Request recieved at /health URL with payload {}>>>>>","method":"GET","statusCode":200,"timestamp":"2025-08-11T07:43:56.648Z","url":"/health"},"timestamp":"2025-08-11T07:43:56.649Z"}
{"level":"info","message":{"file":"91","function":"/health","level":"info","message":"Health check endpoint hit","timestamp":"2025-08-11T07:44:24.025Z"},"timestamp":"2025-08-11T07:44:24.026Z"}
{"level":"info","message":{"file":"index.js","function":"requestLogger","ip":"::1","level":"info","message":">>>>> HTTP GET Request recieved at /health URL with payload {}>>>>>","method":"GET","statusCode":200,"timestamp":"2025-08-11T07:44:24.027Z","url":"/health"},"timestamp":"2025-08-11T07:44:24.027Z"}
{"level":"info","message":{"file":"index.js","function":"requestLogger","ip":"::1","level":"info","message":">>>>> HTTP GET Request recieved at /health URL with payload {}>>>>>","method":"GET","statusCode":200,"timestamp":"2025-08-11T07:44:24.027Z","url":"/health"},"timestamp":"2025-08-11T07:44:24.027Z"}
{"level":"info","message":{"file":"91","function":"/health","level":"info","message":"Health check endpoint hit","timestamp":"2025-08-11T07:44:51.418Z"},"timestamp":"2025-08-11T07:44:51.418Z"}
{"level":"info","message":{"file":"index.js","function":"requestLogger","ip":"::1","level":"info","message":">>>>> HTTP GET Request recieved at /health URL with payload {}>>>>>","method":"GET","statusCode":200,"timestamp":"2025-08-11T07:44:51.419Z","url":"/health"},"timestamp":"2025-08-11T07:44:51.419Z"}
{"level":"info","message":{"file":"index.js","function":"requestLogger","ip":"::1","level":"info","message":">>>>> HTTP GET Request recieved at /health URL with payload {}>>>>>","method":"GET","statusCode":200,"timestamp":"2025-08-11T07:44:51.419Z","url":"/health"},"timestamp":"2025-08-11T07:44:51.419Z"}
{"level":"info","message":{"file":"91","function":"/health","level":"info","message":"Health check endpoint hit","timestamp":"2025-08-11T07:45:18.789Z"},"timestamp":"2025-08-11T07:45:18.789Z"}
{"level":"info","message":{"file":"index.js","function":"requestLogger","ip":"::1","level":"info","message":">>>>> HTTP GET Request recieved at /health URL with payload {}>>>>>","method":"GET","statusCode":200,"timestamp":"2025-08-11T07:45:18.790Z","url":"/health"},"timestamp":"2025-08-11T07:45:18.790Z"}
{"level":"info","message":{"file":"index.js","function":"requestLogger","ip":"::1","level":"info","message":">>>>> HTTP GET Request recieved at /health URL with payload {}>>>>>","method":"GET","statusCode":200,"timestamp":"2025-08-11T07:45:18.790Z","url":"/health"},"timestamp":"2025-08-11T07:45:18.790Z"}
{"level":"info","message":{"file":"91","function":"/health","level":"info","message":"Health check endpoint hit","timestamp":"2025-08-11T07:45:46.188Z"},"timestamp":"2025-08-11T07:45:46.189Z"}
{"level":"info","message":{"file":"index.js","function":"requestLogger","ip":"::1","level":"info","message":">>>>> HTTP GET Request recieved at /health URL with payload {}>>>>>","method":"GET","statusCode":200,"timestamp":"2025-08-11T07:45:46.190Z","url":"/health"},"timestamp":"2025-08-11T07:45:46.191Z"}
{"level":"info","message":{"file":"index.js","function":"requestLogger","ip":"::1","level":"info","message":">>>>> HTTP GET Request recieved at /health URL with payload {}>>>>>","method":"GET","statusCode":200,"timestamp":"2025-08-11T07:45:46.191Z","url":"/health"},"timestamp":"2025-08-11T07:45:46.191Z"}
{"level":"info","message":{"file":"91","function":"/health","level":"info","message":"Health check endpoint hit","timestamp":"2025-08-11T07:46:13.607Z"},"timestamp":"2025-08-11T07:46:13.608Z"}
{"level":"info","message":{"file":"index.js","function":"requestLogger","ip":"::1","level":"info","message":">>>>> HTTP GET Request recieved at /health URL with payload {}>>>>>","method":"GET","statusCode":200,"timestamp":"2025-08-11T07:46:13.609Z","url":"/health"},"timestamp":"2025-08-11T07:46:13.609Z"}
{"level":"info","message":{"file":"index.js","function":"requestLogger","ip":"::1","level":"info","message":">>>>> HTTP GET Request recieved at /health URL with payload {}>>>>>","method":"GET","statusCode":200,"timestamp":"2025-08-11T07:46:13.609Z","url":"/health"},"timestamp":"2025-08-11T07:46:13.610Z"}
{"level":"info","message":{"file":"91","function":"/health","level":"info","message":"Health check endpoint hit","timestamp":"2025-08-11T07:46:41.023Z"},"timestamp":"2025-08-11T07:46:41.023Z"}
{"level":"info","message":{"file":"index.js","function":"requestLogger","ip":"::1","level":"info","message":">>>>> HTTP GET Request recieved at /health URL with payload {}>>>>>","method":"GET","statusCode":200,"timestamp":"2025-08-11T07:46:41.024Z","url":"/health"},"timestamp":"2025-08-11T07:46:41.024Z"}
{"level":"info","message":{"file":"index.js","function":"requestLogger","ip":"::1","level":"info","message":">>>>> HTTP GET Request recieved at /health URL with payload {}>>>>>","method":"GET","statusCode":200,"timestamp":"2025-08-11T07:46:41.024Z","url":"/health"},"timestamp":"2025-08-11T07:46:41.025Z"}
{"level":"info","message":{"file":"91","function":"/health","level":"info","message":"Health check endpoint hit","timestamp":"2025-08-11T07:47:08.428Z"},"timestamp":"2025-08-11T07:47:08.429Z"}
{"level":"info","message":{"file":"index.js","function":"requestLogger","ip":"::1","level":"info","message":">>>>> HTTP GET Request recieved at /health URL with payload {}>>>>>","method":"GET","statusCode":200,"timestamp":"2025-08-11T07:47:08.432Z","url":"/health"},"timestamp":"2025-08-11T07:47:08.432Z"}
{"level":"info","message":{"file":"index.js","function":"requestLogger","ip":"::1","level":"info","message":">>>>> HTTP GET Request recieved at /health URL with payload {}>>>>>","method":"GET","statusCode":200,"timestamp":"2025-08-11T07:47:08.432Z","url":"/health"},"timestamp":"2025-08-11T07:47:08.435Z"}
{"level":"info","message":{"file":"91","function":"/health","level":"info","message":"Health check endpoint hit","timestamp":"2025-08-11T07:47:35.892Z"},"timestamp":"2025-08-11T07:47:35.892Z"}
{"level":"info","message":{"file":"index.js","function":"requestLogger","ip":"::1","level":"info","message":">>>>> HTTP GET Request recieved at /health URL with payload {}>>>>>","method":"GET","statusCode":200,"timestamp":"2025-08-11T07:47:35.893Z","url":"/health"},"timestamp":"2025-08-11T07:47:35.893Z"}
{"level":"info","message":{"file":"index.js","function":"requestLogger","ip":"::1","level":"info","message":">>>>> HTTP GET Request recieved at /health URL with payload {}>>>>>","method":"GET","statusCode":200,"timestamp":"2025-08-11T07:47:35.893Z","url":"/health"},"timestamp":"2025-08-11T07:47:35.894Z"}
{"level":"info","message":{"file":"91","function":"/health","level":"info","message":"Health check endpoint hit","timestamp":"2025-08-11T07:48:03.324Z"},"timestamp":"2025-08-11T07:48:03.324Z"}
{"level":"info","message":{"file":"index.js","function":"requestLogger","ip":"::1","level":"info","message":">>>>> HTTP GET Request recieved at /health URL with payload {}>>>>>","method":"GET","statusCode":200,"timestamp":"2025-08-11T07:48:03.325Z","url":"/health"},"timestamp":"2025-08-11T07:48:03.326Z"}
{"level":"info","message":{"file":"index.js","function":"requestLogger","ip":"::1","level":"info","message":">>>>> HTTP GET Request recieved at /health URL with payload {}>>>>>","method":"GET","statusCode":200,"timestamp":"2025-08-11T07:48:03.326Z","url":"/health"},"timestamp":"2025-08-11T07:48:03.326Z"}
{"level":"info","message":{"file":"91","function":"/health","level":"info","message":"Health check endpoint hit","timestamp":"2025-08-11T07:48:30.716Z"},"timestamp":"2025-08-11T07:48:30.716Z"}
{"level":"info","message":{"file":"index.js","function":"requestLogger","ip":"::1","level":"info","message":">>>>> HTTP GET Request recieved at /health URL with payload {}>>>>>","method":"GET","statusCode":200,"timestamp":"2025-08-11T07:48:30.717Z","url":"/health"},"timestamp":"2025-08-11T07:48:30.717Z"}
{"level":"info","message":{"file":"index.js","function":"requestLogger","ip":"::1","level":"info","message":">>>>> HTTP GET Request recieved at /health URL with payload {}>>>>>","method":"GET","statusCode":200,"timestamp":"2025-08-11T07:48:30.717Z","url":"/health"},"timestamp":"2025-08-11T07:48:30.717Z"}
{"level":"info","message":{"file":"91","function":"/health","level":"info","message":"Health check endpoint hit","timestamp":"2025-08-11T07:48:58.110Z"},"timestamp":"2025-08-11T07:48:58.110Z"}
{"level":"info","message":{"file":"index.js","function":"requestLogger","ip":"::1","level":"info","message":">>>>> HTTP GET Request recieved at /health URL with payload {}>>>>>","method":"GET","statusCode":200,"timestamp":"2025-08-11T07:48:58.111Z","url":"/health"},"timestamp":"2025-08-11T07:48:58.111Z"}
{"level":"info","message":{"file":"index.js","function":"requestLogger","ip":"::1","level":"info","message":">>>>> HTTP GET Request recieved at /health URL with payload {}>>>>>","method":"GET","statusCode":200,"timestamp":"2025-08-11T07:48:58.111Z","url":"/health"},"timestamp":"2025-08-11T07:48:58.112Z"}
{"level":"info","message":{"file":"91","function":"/health","level":"info","message":"Health check endpoint hit","timestamp":"2025-08-11T07:49:25.560Z"},"timestamp":"2025-08-11T07:49:25.560Z"}
{"level":"info","message":{"file":"index.js","function":"requestLogger","ip":"::1","level":"info","message":">>>>> HTTP GET Request recieved at /health URL with payload {}>>>>>","method":"GET","statusCode":200,"timestamp":"2025-08-11T07:49:25.561Z","url":"/health"},"timestamp":"2025-08-11T07:49:25.561Z"}
{"level":"info","message":{"file":"index.js","function":"requestLogger","ip":"::1","level":"info","message":">>>>> HTTP GET Request recieved at /health URL with payload {}>>>>>","method":"GET","statusCode":200,"timestamp":"2025-08-11T07:49:25.561Z","url":"/health"},"timestamp":"2025-08-11T07:49:25.561Z"}
{"level":"info","message":{"file":"91","function":"/health","level":"info","message":"Health check endpoint hit","timestamp":"2025-08-11T07:49:53.001Z"},"timestamp":"2025-08-11T07:49:53.002Z"}
{"level":"info","message":{"file":"index.js","function":"requestLogger","ip":"::1","level":"info","message":">>>>> HTTP GET Request recieved at /health URL with payload {}>>>>>","method":"GET","statusCode":200,"timestamp":"2025-08-11T07:49:53.003Z","url":"/health"},"timestamp":"2025-08-11T07:49:53.004Z"}
{"level":"info","message":{"file":"index.js","function":"requestLogger","ip":"::1","level":"info","message":">>>>> HTTP GET Request recieved at /health URL with payload {}>>>>>","method":"GET","statusCode":200,"timestamp":"2025-08-11T07:49:53.004Z","url":"/health"},"timestamp":"2025-08-11T07:49:53.004Z"}
{"level":"info","message":{"file":"91","function":"/health","level":"info","message":"Health check endpoint hit","timestamp":"2025-08-11T07:50:20.416Z"},"timestamp":"2025-08-11T07:50:20.416Z"}
{"level":"info","message":{"file":"index.js","function":"requestLogger","ip":"::1","level":"info","message":">>>>> HTTP GET Request recieved at /health URL with payload {}>>>>>","method":"GET","statusCode":200,"timestamp":"2025-08-11T07:50:20.417Z","url":"/health"},"timestamp":"2025-08-11T07:50:20.417Z"}
{"level":"info","message":{"file":"index.js","function":"requestLogger","ip":"::1","level":"info","message":">>>>> HTTP GET Request recieved at /health URL with payload {}>>>>>","method":"GET","statusCode":200,"timestamp":"2025-08-11T07:50:20.417Z","url":"/health"},"timestamp":"2025-08-11T07:50:20.417Z"}
{"level":"info","message":{"file":"91","function":"/health","level":"info","message":"Health check endpoint hit","timestamp":"2025-08-11T07:50:47.879Z"},"timestamp":"2025-08-11T07:50:47.882Z"}
{"level":"info","message":{"file":"index.js","function":"requestLogger","ip":"::1","level":"info","message":">>>>> HTTP GET Request recieved at /health URL with payload {}>>>>>","method":"GET","statusCode":200,"timestamp":"2025-08-11T07:50:47.885Z","url":"/health"},"timestamp":"2025-08-11T07:50:47.885Z"}
{"level":"info","message":{"file":"index.js","function":"requestLogger","ip":"::1","level":"info","message":">>>>> HTTP GET Request recieved at /health URL with payload {}>>>>>","method":"GET","statusCode":200,"timestamp":"2025-08-11T07:50:47.886Z","url":"/health"},"timestamp":"2025-08-11T07:50:47.886Z"}
{"level":"info","message":{"file":"91","function":"/health","level":"info","message":"Health check endpoint hit","timestamp":"2025-08-11T07:51:15.324Z"},"timestamp":"2025-08-11T07:51:15.324Z"}
{"level":"info","message":{"file":"index.js","function":"requestLogger","ip":"::1","level":"info","message":">>>>> HTTP GET Request recieved at /health URL with payload {}>>>>>","method":"GET","statusCode":200,"timestamp":"2025-08-11T07:51:15.325Z","url":"/health"},"timestamp":"2025-08-11T07:51:15.325Z"}
{"level":"info","message":{"file":"index.js","function":"requestLogger","ip":"::1","level":"info","message":">>>>> HTTP GET Request recieved at /health URL with payload {}>>>>>","method":"GET","statusCode":200,"timestamp":"2025-08-11T07:51:15.325Z","url":"/health"},"timestamp":"2025-08-11T07:51:15.326Z"}
{"level":"info","message":{"file":"91","function":"/health","level":"info","message":"Health check endpoint hit","timestamp":"2025-08-11T07:51:42.757Z"},"timestamp":"2025-08-11T07:51:42.758Z"}
{"level":"info","message":{"file":"index.js","function":"requestLogger","ip":"::1","level":"info","message":">>>>> HTTP GET Request recieved at /health URL with payload {}>>>>>","method":"GET","statusCode":200,"timestamp":"2025-08-11T07:51:42.759Z","url":"/health"},"timestamp":"2025-08-11T07:51:42.759Z"}
{"level":"info","message":{"file":"index.js","function":"requestLogger","ip":"::1","level":"info","message":">>>>> HTTP GET Request recieved at /health URL with payload {}>>>>>","method":"GET","statusCode":200,"timestamp":"2025-08-11T07:51:42.759Z","url":"/health"},"timestamp":"2025-08-11T07:51:42.759Z"}
{"level":"info","message":{"file":"91","function":"/health","level":"info","message":"Health check endpoint hit","timestamp":"2025-08-11T07:52:10.209Z"},"timestamp":"2025-08-11T07:52:10.209Z"}
{"level":"info","message":{"file":"index.js","function":"requestLogger","ip":"::1","level":"info","message":">>>>> HTTP GET Request recieved at /health URL with payload {}>>>>>","method":"GET","statusCode":200,"timestamp":"2025-08-11T07:52:10.211Z","url":"/health"},"timestamp":"2025-08-11T07:52:10.211Z"}
{"level":"info","message":{"file":"index.js","function":"requestLogger","ip":"::1","level":"info","message":">>>>> HTTP GET Request recieved at /health URL with payload {}>>>>>","method":"GET","statusCode":200,"timestamp":"2025-08-11T07:52:10.212Z","url":"/health"},"timestamp":"2025-08-11T07:52:10.212Z"}
{"level":"info","message":{"file":"91","function":"/health","level":"info","message":"Health check endpoint hit","timestamp":"2025-08-11T07:52:37.737Z"},"timestamp":"2025-08-11T07:52:37.737Z"}
{"level":"info","message":{"file":"index.js","function":"requestLogger","ip":"::1","level":"info","message":">>>>> HTTP GET Request recieved at /health URL with payload {}>>>>>","method":"GET","statusCode":200,"timestamp":"2025-08-11T07:52:37.740Z","url":"/health"},"timestamp":"2025-08-11T07:52:37.740Z"}
{"level":"info","message":{"file":"index.js","function":"requestLogger","ip":"::1","level":"info","message":">>>>> HTTP GET Request recieved at /health URL with payload {}>>>>>","method":"GET","statusCode":200,"timestamp":"2025-08-11T07:52:37.740Z","url":"/health"},"timestamp":"2025-08-11T07:52:37.741Z"}
{"level":"info","message":{"file":"91","function":"/health","level":"info","message":"Health check endpoint hit","timestamp":"2025-08-11T07:53:05.291Z"},"timestamp":"2025-08-11T07:53:05.292Z"}
{"level":"info","message":{"file":"index.js","function":"requestLogger","ip":"::1","level":"info","message":">>>>> HTTP GET Request recieved at /health URL with payload {}>>>>>","method":"GET","statusCode":200,"timestamp":"2025-08-11T07:53:05.293Z","url":"/health"},"timestamp":"2025-08-11T07:53:05.294Z"}
{"level":"info","message":{"file":"index.js","function":"requestLogger","ip":"::1","level":"info","message":">>>>> HTTP GET Request recieved at /health URL with payload {}>>>>>","method":"GET","statusCode":200,"timestamp":"2025-08-11T07:53:05.294Z","url":"/health"},"timestamp":"2025-08-11T07:53:05.294Z"}
{"level":"info","message":{"file":"91","function":"/health","level":"info","message":"Health check endpoint hit","timestamp":"2025-08-11T07:53:32.667Z"},"timestamp":"2025-08-11T07:53:32.667Z"}
{"level":"info","message":{"file":"index.js","function":"requestLogger","ip":"::1","level":"info","message":">>>>> HTTP GET Request recieved at /health URL with payload {}>>>>>","method":"GET","statusCode":200,"timestamp":"2025-08-11T07:53:32.668Z","url":"/health"},"timestamp":"2025-08-11T07:53:32.668Z"}
{"level":"info","message":{"file":"index.js","function":"requestLogger","ip":"::1","level":"info","message":">>>>> HTTP GET Request recieved at /health URL with payload {}>>>>>","method":"GET","statusCode":200,"timestamp":"2025-08-11T07:53:32.668Z","url":"/health"},"timestamp":"2025-08-11T07:53:32.668Z"}
{"level":"info","message":{"file":"91","function":"/health","level":"info","message":"Health check endpoint hit","timestamp":"2025-08-11T07:54:00.076Z"},"timestamp":"2025-08-11T07:54:00.076Z"}
{"level":"info","message":{"file":"index.js","function":"requestLogger","ip":"::1","level":"info","message":">>>>> HTTP GET Request recieved at /health URL with payload {}>>>>>","method":"GET","statusCode":200,"timestamp":"2025-08-11T07:54:00.077Z","url":"/health"},"timestamp":"2025-08-11T07:54:00.077Z"}
{"level":"info","message":{"file":"index.js","function":"requestLogger","ip":"::1","level":"info","message":">>>>> HTTP GET Request recieved at /health URL with payload {}>>>>>","method":"GET","statusCode":200,"timestamp":"2025-08-11T07:54:00.081Z","url":"/health"},"timestamp":"2025-08-11T07:54:00.081Z"}
{"level":"info","message":{"file":"91","function":"/health","level":"info","message":"Health check endpoint hit","timestamp":"2025-08-11T07:54:27.528Z"},"timestamp":"2025-08-11T07:54:27.529Z"}
{"level":"info","message":{"file":"index.js","function":"requestLogger","ip":"::1","level":"info","message":">>>>> HTTP GET Request recieved at /health URL with payload {}>>>>>","method":"GET","statusCode":200,"timestamp":"2025-08-11T07:54:27.531Z","url":"/health"},"timestamp":"2025-08-11T07:54:27.531Z"}
{"level":"info","message":{"file":"index.js","function":"requestLogger","ip":"::1","level":"info","message":">>>>> HTTP GET Request recieved at /health URL with payload {}>>>>>","method":"GET","statusCode":200,"timestamp":"2025-08-11T07:54:27.532Z","url":"/health"},"timestamp":"2025-08-11T07:54:27.532Z"}
{"level":"info","message":{"file":"91","function":"/health","level":"info","message":"Health check endpoint hit","timestamp":"2025-08-11T07:54:54.940Z"},"timestamp":"2025-08-11T07:54:54.941Z"}
{"level":"info","message":{"file":"index.js","function":"requestLogger","ip":"::1","level":"info","message":">>>>> HTTP GET Request recieved at /health URL with payload {}>>>>>","method":"GET","statusCode":200,"timestamp":"2025-08-11T07:54:54.941Z","url":"/health"},"timestamp":"2025-08-11T07:54:54.942Z"}
{"level":"info","message":{"file":"index.js","function":"requestLogger","ip":"::1","level":"info","message":">>>>> HTTP GET Request recieved at /health URL with payload {}>>>>>","method":"GET","statusCode":200,"timestamp":"2025-08-11T07:54:54.942Z","url":"/health"},"timestamp":"2025-08-11T07:54:54.942Z"}
{"level":"info","message":{"file":"91","function":"/health","level":"info","message":"Health check endpoint hit","timestamp":"2025-08-11T07:55:22.428Z"},"timestamp":"2025-08-11T07:55:22.428Z"}
{"level":"info","message":{"file":"index.js","function":"requestLogger","ip":"::1","level":"info","message":">>>>> HTTP GET Request recieved at /health URL with payload {}>>>>>","method":"GET","statusCode":200,"timestamp":"2025-08-11T07:55:22.429Z","url":"/health"},"timestamp":"2025-08-11T07:55:22.430Z"}
{"level":"info","message":{"file":"index.js","function":"requestLogger","ip":"::1","level":"info","message":">>>>> HTTP GET Request recieved at /health URL with payload {}>>>>>","method":"GET","statusCode":200,"timestamp":"2025-08-11T07:55:22.430Z","url":"/health"},"timestamp":"2025-08-11T07:55:22.430Z"}
{"level":"info","message":{"file":"91","function":"/health","level":"info","message":"Health check endpoint hit","timestamp":"2025-08-11T07:55:49.957Z"},"timestamp":"2025-08-11T07:55:49.958Z"}
{"level":"info","message":{"file":"index.js","function":"requestLogger","ip":"::1","level":"info","message":">>>>> HTTP GET Request recieved at /health URL with payload {}>>>>>","method":"GET","statusCode":200,"timestamp":"2025-08-11T07:55:49.959Z","url":"/health"},"timestamp":"2025-08-11T07:55:49.959Z"}
{"level":"info","message":{"file":"index.js","function":"requestLogger","ip":"::1","level":"info","message":">>>>> HTTP GET Request recieved at /health URL with payload {}>>>>>","method":"GET","statusCode":200,"timestamp":"2025-08-11T07:55:49.960Z","url":"/health"},"timestamp":"2025-08-11T07:55:49.960Z"}
{"level":"info","message":{"file":"91","function":"/health","level":"info","message":"Health check endpoint hit","timestamp":"2025-08-11T07:56:17.356Z"},"timestamp":"2025-08-11T07:56:17.356Z"}
{"level":"info","message":{"file":"index.js","function":"requestLogger","ip":"::1","level":"info","message":">>>>> HTTP GET Request recieved at /health URL with payload {}>>>>>","method":"GET","statusCode":200,"timestamp":"2025-08-11T07:56:17.357Z","url":"/health"},"timestamp":"2025-08-11T07:56:17.357Z"}
{"level":"info","message":{"file":"index.js","function":"requestLogger","ip":"::1","level":"info","message":">>>>> HTTP GET Request recieved at /health URL with payload {}>>>>>","method":"GET","statusCode":200,"timestamp":"2025-08-11T07:56:17.358Z","url":"/health"},"timestamp":"2025-08-11T07:56:17.358Z"}
{"level":"info","message":{"file":"91","function":"/health","level":"info","message":"Health check endpoint hit","timestamp":"2025-08-11T07:56:42.460Z"},"timestamp":"2025-08-11T07:56:42.461Z"}
{"level":"info","message":{"file":"index.js","function":"requestLogger","ip":"::1","level":"info","message":">>>>> HTTP GET Request recieved at /health URL with payload {}>>>>>","method":"GET","statusCode":200,"timestamp":"2025-08-11T07:56:42.464Z","url":"/health"},"timestamp":"2025-08-11T07:56:42.464Z"}
{"level":"info","message":{"file":"index.js","function":"requestLogger","ip":"::1","level":"info","message":">>>>> HTTP GET Request recieved at /health URL with payload {}>>>>>","method":"GET","statusCode":200,"timestamp":"2025-08-11T07:56:42.469Z","url":"/health"},"timestamp":"2025-08-11T07:56:42.470Z"}
{"level":"info","message":{"file":"91","function":"/health","level":"info","message":"Health check endpoint hit","timestamp":"2025-08-11T07:57:09.885Z"},"timestamp":"2025-08-11T07:57:09.885Z"}
{"level":"info","message":{"file":"index.js","function":"requestLogger","ip":"::1","level":"info","message":">>>>> HTTP GET Request recieved at /health URL with payload {}>>>>>","method":"GET","statusCode":200,"timestamp":"2025-08-11T07:57:09.886Z","url":"/health"},"timestamp":"2025-08-11T07:57:09.886Z"}
{"level":"info","message":{"file":"index.js","function":"requestLogger","ip":"::1","level":"info","message":">>>>> HTTP GET Request recieved at /health URL with payload {}>>>>>","method":"GET","statusCode":200,"timestamp":"2025-08-11T07:57:09.886Z","url":"/health"},"timestamp":"2025-08-11T07:57:09.886Z"}
{"level":"info","message":{"file":"91","function":"/health","level":"info","message":"Health check endpoint hit","timestamp":"2025-08-11T07:57:37.450Z"},"timestamp":"2025-08-11T07:57:37.451Z"}
{"level":"info","message":{"file":"index.js","function":"requestLogger","ip":"::1","level":"info","message":">>>>> HTTP GET Request recieved at /health URL with payload {}>>>>>","method":"GET","statusCode":200,"timestamp":"2025-08-11T07:57:37.452Z","url":"/health"},"timestamp":"2025-08-11T07:57:37.452Z"}
{"level":"info","message":{"file":"index.js","function":"requestLogger","ip":"::1","level":"info","message":">>>>> HTTP GET Request recieved at /health URL with payload {}>>>>>","method":"GET","statusCode":200,"timestamp":"2025-08-11T07:57:37.453Z","url":"/health"},"timestamp":"2025-08-11T07:57:37.453Z"}
{"level":"info","message":{"file":"91","function":"/health","level":"info","message":"Health check endpoint hit","timestamp":"2025-08-11T07:58:04.828Z"},"timestamp":"2025-08-11T07:58:04.828Z"}
{"level":"info","message":{"file":"index.js","function":"requestLogger","ip":"::1","level":"info","message":">>>>> HTTP GET Request recieved at /health URL with payload {}>>>>>","method":"GET","statusCode":200,"timestamp":"2025-08-11T07:58:04.830Z","url":"/health"},"timestamp":"2025-08-11T07:58:04.830Z"}
{"level":"info","message":{"file":"index.js","function":"requestLogger","ip":"::1","level":"info","message":">>>>> HTTP GET Request recieved at /health URL with payload {}>>>>>","method":"GET","statusCode":200,"timestamp":"2025-08-11T07:58:04.831Z","url":"/health"},"timestamp":"2025-08-11T07:58:04.831Z"}
{"level":"info","message":{"file":"91","function":"/health","level":"info","message":"Health check endpoint hit","timestamp":"2025-08-11T07:58:32.243Z"},"timestamp":"2025-08-11T07:58:32.243Z"}
{"level":"info","message":{"file":"index.js","function":"requestLogger","ip":"::1","level":"info","message":">>>>> HTTP GET Request recieved at /health URL with payload {}>>>>>","method":"GET","statusCode":200,"timestamp":"2025-08-11T07:58:32.244Z","url":"/health"},"timestamp":"2025-08-11T07:58:32.244Z"}
{"level":"info","message":{"file":"index.js","function":"requestLogger","ip":"::1","level":"info","message":">>>>> HTTP GET Request recieved at /health URL with payload {}>>>>>","method":"GET","statusCode":200,"timestamp":"2025-08-11T07:58:32.244Z","url":"/health"},"timestamp":"2025-08-11T07:58:32.245Z"}
{"level":"info","message":{"file":"91","function":"/health","level":"info","message":"Health check endpoint hit","timestamp":"2025-08-11T07:58:59.653Z"},"timestamp":"2025-08-11T07:58:59.653Z"}
{"level":"info","message":{"file":"index.js","function":"requestLogger","ip":"::1","level":"info","message":">>>>> HTTP GET Request recieved at /health URL with payload {}>>>>>","method":"GET","statusCode":200,"timestamp":"2025-08-11T07:58:59.654Z","url":"/health"},"timestamp":"2025-08-11T07:58:59.656Z"}
{"level":"info","message":{"file":"index.js","function":"requestLogger","ip":"::1","level":"info","message":">>>>> HTTP GET Request recieved at /health URL with payload {}>>>>>","method":"GET","statusCode":200,"timestamp":"2025-08-11T07:58:59.656Z","url":"/health"},"timestamp":"2025-08-11T07:58:59.657Z"}
{"level":"info","message":{"file":"91","function":"/health","level":"info","message":"Health check endpoint hit","timestamp":"2025-08-11T07:59:27.045Z"},"timestamp":"2025-08-11T07:59:27.045Z"}
{"level":"info","message":{"file":"index.js","function":"requestLogger","ip":"::1","level":"info","message":">>>>> HTTP GET Request recieved at /health URL with payload {}>>>>>","method":"GET","statusCode":200,"timestamp":"2025-08-11T07:59:27.046Z","url":"/health"},"timestamp":"2025-08-11T07:59:27.046Z"}
{"level":"info","message":{"file":"index.js","function":"requestLogger","ip":"::1","level":"info","message":">>>>> HTTP GET Request recieved at /health URL with payload {}>>>>>","method":"GET","statusCode":200,"timestamp":"2025-08-11T07:59:27.046Z","url":"/health"},"timestamp":"2025-08-11T07:59:27.047Z"}
{"level":"info","message":{"file":"91","function":"/health","level":"info","message":"Health check endpoint hit","timestamp":"2025-08-11T07:59:54.496Z"},"timestamp":"2025-08-11T07:59:54.497Z"}
{"level":"info","message":{"file":"index.js","function":"requestLogger","ip":"::1","level":"info","message":">>>>> HTTP GET Request recieved at /health URL with payload {}>>>>>","method":"GET","statusCode":200,"timestamp":"2025-08-11T07:59:54.498Z","url":"/health"},"timestamp":"2025-08-11T07:59:54.498Z"}
{"level":"info","message":{"file":"index.js","function":"requestLogger","ip":"::1","level":"info","message":">>>>> HTTP GET Request recieved at /health URL with payload {}>>>>>","method":"GET","statusCode":200,"timestamp":"2025-08-11T07:59:54.498Z","url":"/health"},"timestamp":"2025-08-11T07:59:54.499Z"}
{"level":"info","message":{"file":"91","function":"/health","level":"info","message":"Health check endpoint hit","timestamp":"2025-08-11T08:00:21.891Z"},"timestamp":"2025-08-11T08:00:21.891Z"}
{"level":"info","message":{"file":"index.js","function":"requestLogger","ip":"::1","level":"info","message":">>>>> HTTP GET Request recieved at /health URL with payload {}>>>>>","method":"GET","statusCode":200,"timestamp":"2025-08-11T08:00:21.892Z","url":"/health"},"timestamp":"2025-08-11T08:00:21.892Z"}
{"level":"info","message":{"file":"index.js","function":"requestLogger","ip":"::1","level":"info","message":">>>>> HTTP GET Request recieved at /health URL with payload {}>>>>>","method":"GET","statusCode":200,"timestamp":"2025-08-11T08:00:21.892Z","url":"/health"},"timestamp":"2025-08-11T08:00:21.893Z"}
{"level":"info","message":{"file":"91","function":"/health","level":"info","message":"Health check endpoint hit","timestamp":"2025-08-11T08:00:49.356Z"},"timestamp":"2025-08-11T08:00:49.356Z"}
{"level":"info","message":{"file":"index.js","function":"requestLogger","ip":"::1","level":"info","message":">>>>> HTTP GET Request recieved at /health URL with payload {}>>>>>","method":"GET","statusCode":200,"timestamp":"2025-08-11T08:00:49.358Z","url":"/health"},"timestamp":"2025-08-11T08:00:49.358Z"}
{"level":"info","message":{"file":"index.js","function":"requestLogger","ip":"::1","level":"info","message":">>>>> HTTP GET Request recieved at /health URL with payload {}>>>>>","method":"GET","statusCode":200,"timestamp":"2025-08-11T08:00:49.358Z","url":"/health"},"timestamp":"2025-08-11T08:00:49.358Z"}
{"level":"info","message":{"file":"91","function":"/health","level":"info","message":"Health check endpoint hit","timestamp":"2025-08-11T08:01:16.792Z"},"timestamp":"2025-08-11T08:01:16.793Z"}
{"level":"info","message":{"file":"index.js","function":"requestLogger","ip":"::1","level":"info","message":">>>>> HTTP GET Request recieved at /health URL with payload {}>>>>>","method":"GET","statusCode":200,"timestamp":"2025-08-11T08:01:16.793Z","url":"/health"},"timestamp":"2025-08-11T08:01:16.794Z"}
{"level":"info","message":{"file":"index.js","function":"requestLogger","ip":"::1","level":"info","message":">>>>> HTTP GET Request recieved at /health URL with payload {}>>>>>","method":"GET","statusCode":200,"timestamp":"2025-08-11T08:01:16.794Z","url":"/health"},"timestamp":"2025-08-11T08:01:16.794Z"}
{"level":"info","message":{"file":"91","function":"/health","level":"info","message":"Health check endpoint hit","timestamp":"2025-08-11T08:01:44.291Z"},"timestamp":"2025-08-11T08:01:44.292Z"}
{"level":"info","message":{"file":"index.js","function":"requestLogger","ip":"::1","level":"info","message":">>>>> HTTP GET Request recieved at /health URL with payload {}>>>>>","method":"GET","statusCode":200,"timestamp":"2025-08-11T08:01:44.293Z","url":"/health"},"timestamp":"2025-08-11T08:01:44.293Z"}
{"level":"info","message":{"file":"index.js","function":"requestLogger","ip":"::1","level":"info","message":">>>>> HTTP GET Request recieved at /health URL with payload {}>>>>>","method":"GET","statusCode":200,"timestamp":"2025-08-11T08:01:44.293Z","url":"/health"},"timestamp":"2025-08-11T08:01:44.294Z"}
{"level":"info","message":{"file":"91","function":"/health","level":"info","message":"Health check endpoint hit","timestamp":"2025-08-11T08:02:11.705Z"},"timestamp":"2025-08-11T08:02:11.705Z"}
{"level":"info","message":{"file":"index.js","function":"requestLogger","ip":"::1","level":"info","message":">>>>> HTTP GET Request recieved at /health URL with payload {}>>>>>","method":"GET","statusCode":200,"timestamp":"2025-08-11T08:02:11.706Z","url":"/health"},"timestamp":"2025-08-11T08:02:11.706Z"}
{"level":"info","message":{"file":"index.js","function":"requestLogger","ip":"::1","level":"info","message":">>>>> HTTP GET Request recieved at /health URL with payload {}>>>>>","method":"GET","statusCode":200,"timestamp":"2025-08-11T08:02:11.706Z","url":"/health"},"timestamp":"2025-08-11T08:02:11.706Z"}
{"level":"info","message":{"file":"91","function":"/health","level":"info","message":"Health check endpoint hit","timestamp":"2025-08-11T08:02:39.117Z"},"timestamp":"2025-08-11T08:02:39.117Z"}
{"level":"info","message":{"file":"index.js","function":"requestLogger","ip":"::1","level":"info","message":">>>>> HTTP GET Request recieved at /health URL with payload {}>>>>>","method":"GET","statusCode":200,"timestamp":"2025-08-11T08:02:39.118Z","url":"/health"},"timestamp":"2025-08-11T08:02:39.118Z"}
{"level":"info","message":{"file":"index.js","function":"requestLogger","ip":"::1","level":"info","message":">>>>> HTTP GET Request recieved at /health URL with payload {}>>>>>","method":"GET","statusCode":200,"timestamp":"2025-08-11T08:02:39.118Z","url":"/health"},"timestamp":"2025-08-11T08:02:39.118Z"}
{"level":"info","message":{"file":"91","function":"/health","level":"info","message":"Health check endpoint hit","timestamp":"2025-08-11T08:03:06.505Z"},"timestamp":"2025-08-11T08:03:06.505Z"}
{"level":"info","message":{"file":"index.js","function":"requestLogger","ip":"::1","level":"info","message":">>>>> HTTP GET Request recieved at /health URL with payload {}>>>>>","method":"GET","statusCode":200,"timestamp":"2025-08-11T08:03:06.506Z","url":"/health"},"timestamp":"2025-08-11T08:03:06.506Z"}
{"level":"info","message":{"file":"index.js","function":"requestLogger","ip":"::1","level":"info","message":">>>>> HTTP GET Request recieved at /health URL with payload {}>>>>>","method":"GET","statusCode":200,"timestamp":"2025-08-11T08:03:06.506Z","url":"/health"},"timestamp":"2025-08-11T08:03:06.506Z"}
{"level":"info","message":{"file":"91","function":"/health","level":"info","message":"Health check endpoint hit","timestamp":"2025-08-11T08:03:33.912Z"},"timestamp":"2025-08-11T08:03:33.912Z"}
{"level":"info","message":{"file":"index.js","function":"requestLogger","ip":"::1","level":"info","message":">>>>> HTTP GET Request recieved at /health URL with payload {}>>>>>","method":"GET","statusCode":200,"timestamp":"2025-08-11T08:03:33.913Z","url":"/health"},"timestamp":"2025-08-11T08:03:33.914Z"}
{"level":"info","message":{"file":"index.js","function":"requestLogger","ip":"::1","level":"info","message":">>>>> HTTP GET Request recieved at /health URL with payload {}>>>>>","method":"GET","statusCode":200,"timestamp":"2025-08-11T08:03:33.914Z","url":"/health"},"timestamp":"2025-08-11T08:03:33.914Z"}
{"level":"info","message":{"file":"91","function":"/health","level":"info","message":"Health check endpoint hit","timestamp":"2025-08-11T08:04:01.311Z"},"timestamp":"2025-08-11T08:04:01.312Z"}
{"level":"info","message":{"file":"index.js","function":"requestLogger","ip":"::1","level":"info","message":">>>>> HTTP GET Request recieved at /health URL with payload {}>>>>>","method":"GET","statusCode":200,"timestamp":"2025-08-11T08:04:01.313Z","url":"/health"},"timestamp":"2025-08-11T08:04:01.313Z"}
{"level":"info","message":{"file":"index.js","function":"requestLogger","ip":"::1","level":"info","message":">>>>> HTTP GET Request recieved at /health URL with payload {}>>>>>","method":"GET","statusCode":200,"timestamp":"2025-08-11T08:04:01.313Z","url":"/health"},"timestamp":"2025-08-11T08:04:01.313Z"}
{"level":"info","message":{"file":"91","function":"/health","level":"info","message":"Health check endpoint hit","timestamp":"2025-08-11T08:04:28.710Z"},"timestamp":"2025-08-11T08:04:28.710Z"}
{"level":"info","message":{"file":"index.js","function":"requestLogger","ip":"::1","level":"info","message":">>>>> HTTP GET Request recieved at /health URL with payload {}>>>>>","method":"GET","statusCode":200,"timestamp":"2025-08-11T08:04:28.711Z","url":"/health"},"timestamp":"2025-08-11T08:04:28.711Z"}
{"level":"info","message":{"file":"index.js","function":"requestLogger","ip":"::1","level":"info","message":">>>>> HTTP GET Request recieved at /health URL with payload {}>>>>>","method":"GET","statusCode":200,"timestamp":"2025-08-11T08:04:28.711Z","url":"/health"},"timestamp":"2025-08-11T08:04:28.712Z"}
{"level":"info","message":{"file":"91","function":"/health","level":"info","message":"Health check endpoint hit","timestamp":"2025-08-11T08:04:56.137Z"},"timestamp":"2025-08-11T08:04:56.137Z"}
{"level":"info","message":{"file":"index.js","function":"requestLogger","ip":"::1","level":"info","message":">>>>> HTTP GET Request recieved at /health URL with payload {}>>>>>","method":"GET","statusCode":200,"timestamp":"2025-08-11T08:04:56.138Z","url":"/health"},"timestamp":"2025-08-11T08:04:56.139Z"}
{"level":"info","message":{"file":"index.js","function":"requestLogger","ip":"::1","level":"info","message":">>>>> HTTP GET Request recieved at /health URL with payload {}>>>>>","method":"GET","statusCode":200,"timestamp":"2025-08-11T08:04:56.139Z","url":"/health"},"timestamp":"2025-08-11T08:04:56.139Z"}
{"level":"info","message":{"file":"91","function":"/health","level":"info","message":"Health check endpoint hit","timestamp":"2025-08-11T08:05:23.545Z"},"timestamp":"2025-08-11T08:05:23.546Z"}
{"level":"info","message":{"file":"index.js","function":"requestLogger","ip":"::1","level":"info","message":">>>>> HTTP GET Request recieved at /health URL with payload {}>>>>>","method":"GET","statusCode":200,"timestamp":"2025-08-11T08:05:23.547Z","url":"/health"},"timestamp":"2025-08-11T08:05:23.548Z"}
{"level":"info","message":{"file":"index.js","function":"requestLogger","ip":"::1","level":"info","message":">>>>> HTTP GET Request recieved at /health URL with payload {}>>>>>","method":"GET","statusCode":200,"timestamp":"2025-08-11T08:05:23.548Z","url":"/health"},"timestamp":"2025-08-11T08:05:23.548Z"}
{"level":"info","message":{"file":"91","function":"/health","level":"info","message":"Health check endpoint hit","timestamp":"2025-08-11T08:05:51.106Z"},"timestamp":"2025-08-11T08:05:51.106Z"}
{"level":"info","message":{"file":"index.js","function":"requestLogger","ip":"::1","level":"info","message":">>>>> HTTP GET Request recieved at /health URL with payload {}>>>>>","method":"GET","statusCode":200,"timestamp":"2025-08-11T08:05:51.109Z","url":"/health"},"timestamp":"2025-08-11T08:05:51.110Z"}
{"level":"info","message":{"file":"index.js","function":"requestLogger","ip":"::1","level":"info","message":">>>>> HTTP GET Request recieved at /health URL with payload {}>>>>>","method":"GET","statusCode":200,"timestamp":"2025-08-11T08:05:51.110Z","url":"/health"},"timestamp":"2025-08-11T08:05:51.110Z"}
{"level":"info","message":{"file":"91","function":"/health","level":"info","message":"Health check endpoint hit","timestamp":"2025-08-11T08:06:18.502Z"},"timestamp":"2025-08-11T08:06:18.502Z"}
{"level":"info","message":{"file":"index.js","function":"requestLogger","ip":"::1","level":"info","message":">>>>> HTTP GET Request recieved at /health URL with payload {}>>>>>","method":"GET","statusCode":200,"timestamp":"2025-08-11T08:06:18.503Z","url":"/health"},"timestamp":"2025-08-11T08:06:18.503Z"}
{"level":"info","message":{"file":"index.js","function":"requestLogger","ip":"::1","level":"info","message":">>>>> HTTP GET Request recieved at /health URL with payload {}>>>>>","method":"GET","statusCode":200,"timestamp":"2025-08-11T08:06:18.503Z","url":"/health"},"timestamp":"2025-08-11T08:06:18.504Z"}
{"level":"info","message":{"file":"91","function":"/health","level":"info","message":"Health check endpoint hit","timestamp":"2025-08-11T08:06:45.968Z"},"timestamp":"2025-08-11T08:06:45.968Z"}
{"level":"info","message":{"file":"index.js","function":"requestLogger","ip":"::1","level":"info","message":">>>>> HTTP GET Request recieved at /health URL with payload {}>>>>>","method":"GET","statusCode":200,"timestamp":"2025-08-11T08:06:45.969Z","url":"/health"},"timestamp":"2025-08-11T08:06:45.969Z"}
{"level":"info","message":{"file":"index.js","function":"requestLogger","ip":"::1","level":"info","message":">>>>> HTTP GET Request recieved at /health URL with payload {}>>>>>","method":"GET","statusCode":200,"timestamp":"2025-08-11T08:06:45.969Z","url":"/health"},"timestamp":"2025-08-11T08:06:45.969Z"}
{"level":"info","message":{"file":"91","function":"/health","level":"info","message":"Health check endpoint hit","timestamp":"2025-08-11T08:07:13.427Z"},"timestamp":"2025-08-11T08:07:13.428Z"}
{"level":"info","message":{"file":"index.js","function":"requestLogger","ip":"::1","level":"info","message":">>>>> HTTP GET Request recieved at /health URL with payload {}>>>>>","method":"GET","statusCode":200,"timestamp":"2025-08-11T08:07:13.429Z","url":"/health"},"timestamp":"2025-08-11T08:07:13.429Z"}
{"level":"info","message":{"file":"index.js","function":"requestLogger","ip":"::1","level":"info","message":">>>>> HTTP GET Request recieved at /health URL with payload {}>>>>>","method":"GET","statusCode":200,"timestamp":"2025-08-11T08:07:13.429Z","url":"/health"},"timestamp":"2025-08-11T08:07:13.430Z"}
{"level":"info","message":{"file":"91","function":"/health","level":"info","message":"Health check endpoint hit","timestamp":"2025-08-11T08:07:40.846Z"},"timestamp":"2025-08-11T08:07:40.847Z"}
{"level":"info","message":{"file":"index.js","function":"requestLogger","ip":"::1","level":"info","message":">>>>> HTTP GET Request recieved at /health URL with payload {}>>>>>","method":"GET","statusCode":200,"timestamp":"2025-08-11T08:07:40.847Z","url":"/health"},"timestamp":"2025-08-11T08:07:40.848Z"}
{"level":"info","message":{"file":"index.js","function":"requestLogger","ip":"::1","level":"info","message":">>>>> HTTP GET Request recieved at /health URL with payload {}>>>>>","method":"GET","statusCode":200,"timestamp":"2025-08-11T08:07:40.848Z","url":"/health"},"timestamp":"2025-08-11T08:07:40.848Z"}
{"level":"info","message":{"file":"91","function":"/health","level":"info","message":"Health check endpoint hit","timestamp":"2025-08-11T08:08:08.310Z"},"timestamp":"2025-08-11T08:08:08.311Z"}
{"level":"info","message":{"file":"index.js","function":"requestLogger","ip":"::1","level":"info","message":">>>>> HTTP GET Request recieved at /health URL with payload {}>>>>>","method":"GET","statusCode":200,"timestamp":"2025-08-11T08:08:08.312Z","url":"/health"},"timestamp":"2025-08-11T08:08:08.312Z"}
{"level":"info","message":{"file":"index.js","function":"requestLogger","ip":"::1","level":"info","message":">>>>> HTTP GET Request recieved at /health URL with payload {}>>>>>","method":"GET","statusCode":200,"timestamp":"2025-08-11T08:08:08.313Z","url":"/health"},"timestamp":"2025-08-11T08:08:08.313Z"}
{"level":"info","message":{"file":"91","function":"/health","level":"info","message":"Health check endpoint hit","timestamp":"2025-08-11T08:08:35.826Z"},"timestamp":"2025-08-11T08:08:35.827Z"}
{"level":"info","message":{"file":"index.js","function":"requestLogger","ip":"::1","level":"info","message":">>>>> HTTP GET Request recieved at /health URL with payload {}>>>>>","method":"GET","statusCode":200,"timestamp":"2025-08-11T08:08:35.828Z","url":"/health"},"timestamp":"2025-08-11T08:08:35.829Z"}
{"level":"info","message":{"file":"index.js","function":"requestLogger","ip":"::1","level":"info","message":">>>>> HTTP GET Request recieved at /health URL with payload {}>>>>>","method":"GET","statusCode":200,"timestamp":"2025-08-11T08:08:35.830Z","url":"/health"},"timestamp":"2025-08-11T08:08:35.832Z"}
{"level":"info","message":{"file":"91","function":"/health","level":"info","message":"Health check endpoint hit","timestamp":"2025-08-11T08:09:03.430Z"},"timestamp":"2025-08-11T08:09:03.431Z"}
{"level":"info","message":{"file":"index.js","function":"requestLogger","ip":"::1","level":"info","message":">>>>> HTTP GET Request recieved at /health URL with payload {}>>>>>","method":"GET","statusCode":200,"timestamp":"2025-08-11T08:09:03.432Z","url":"/health"},"timestamp":"2025-08-11T08:09:03.433Z"}
{"level":"info","message":{"file":"index.js","function":"requestLogger","ip":"::1","level":"info","message":">>>>> HTTP GET Request recieved at /health URL with payload {}>>>>>","method":"GET","statusCode":200,"timestamp":"2025-08-11T08:09:03.433Z","url":"/health"},"timestamp":"2025-08-11T08:09:03.433Z"}
{"level":"info","message":{"file":"91","function":"/health","level":"info","message":"Health check endpoint hit","timestamp":"2025-08-11T08:09:30.848Z"},"timestamp":"2025-08-11T08:09:30.848Z"}
{"level":"info","message":{"file":"index.js","function":"requestLogger","ip":"::1","level":"info","message":">>>>> HTTP GET Request recieved at /health URL with payload {}>>>>>","method":"GET","statusCode":200,"timestamp":"2025-08-11T08:09:30.849Z","url":"/health"},"timestamp":"2025-08-11T08:09:30.849Z"}
{"level":"info","message":{"file":"index.js","function":"requestLogger","ip":"::1","level":"info","message":">>>>> HTTP GET Request recieved at /health URL with payload {}>>>>>","method":"GET","statusCode":200,"timestamp":"2025-08-11T08:09:30.849Z","url":"/health"},"timestamp":"2025-08-11T08:09:30.849Z"}
{"level":"info","message":{"file":"91","function":"/health","level":"info","message":"Health check endpoint hit","timestamp":"2025-08-11T08:09:58.195Z"},"timestamp":"2025-08-11T08:09:58.195Z"}
{"level":"info","message":{"file":"index.js","function":"requestLogger","ip":"::1","level":"info","message":">>>>> HTTP GET Request recieved at /health URL with payload {}>>>>>","method":"GET","statusCode":200,"timestamp":"2025-08-11T08:09:58.196Z","url":"/health"},"timestamp":"2025-08-11T08:09:58.196Z"}
{"level":"info","message":{"file":"index.js","function":"requestLogger","ip":"::1","level":"info","message":">>>>> HTTP GET Request recieved at /health URL with payload {}>>>>>","method":"GET","statusCode":200,"timestamp":"2025-08-11T08:09:58.196Z","url":"/health"},"timestamp":"2025-08-11T08:09:58.196Z"}
{"level":"info","message":{"file":"91","function":"/health","level":"info","message":"Health check endpoint hit","timestamp":"2025-08-11T08:10:25.626Z"},"timestamp":"2025-08-11T08:10:25.626Z"}
{"level":"info","message":{"file":"index.js","function":"requestLogger","ip":"::1","level":"info","message":">>>>> HTTP GET Request recieved at /health URL with payload {}>>>>>","method":"GET","statusCode":200,"timestamp":"2025-08-11T08:10:25.627Z","url":"/health"},"timestamp":"2025-08-11T08:10:25.628Z"}
{"level":"info","message":{"file":"index.js","function":"requestLogger","ip":"::1","level":"info","message":">>>>> HTTP GET Request recieved at /health URL with payload {}>>>>>","method":"GET","statusCode":200,"timestamp":"2025-08-11T08:10:25.628Z","url":"/health"},"timestamp":"2025-08-11T08:10:25.628Z"}
{"level":"info","message":{"file":"91","function":"/health","level":"info","message":"Health check endpoint hit","timestamp":"2025-08-11T08:10:53.091Z"},"timestamp":"2025-08-11T08:10:53.092Z"}
{"level":"info","message":{"file":"index.js","function":"requestLogger","ip":"::1","level":"info","message":">>>>> HTTP GET Request recieved at /health URL with payload {}>>>>>","method":"GET","statusCode":200,"timestamp":"2025-08-11T08:10:53.093Z","url":"/health"},"timestamp":"2025-08-11T08:10:53.093Z"}
{"level":"info","message":{"file":"index.js","function":"requestLogger","ip":"::1","level":"info","message":">>>>> HTTP GET Request recieved at /health URL with payload {}>>>>>","method":"GET","statusCode":200,"timestamp":"2025-08-11T08:10:53.093Z","url":"/health"},"timestamp":"2025-08-11T08:10:53.094Z"}
{"level":"info","message":{"file":"91","function":"/health","level":"info","message":"Health check endpoint hit","timestamp":"2025-08-11T08:11:20.548Z"},"timestamp":"2025-08-11T08:11:20.548Z"}
{"level":"info","message":{"file":"index.js","function":"requestLogger","ip":"::1","level":"info","message":">>>>> HTTP GET Request recieved at /health URL with payload {}>>>>>","method":"GET","statusCode":200,"timestamp":"2025-08-11T08:11:20.549Z","url":"/health"},"timestamp":"2025-08-11T08:11:20.549Z"}
{"level":"info","message":{"file":"index.js","function":"requestLogger","ip":"::1","level":"info","message":">>>>> HTTP GET Request recieved at /health URL with payload {}>>>>>","method":"GET","statusCode":200,"timestamp":"2025-08-11T08:11:20.549Z","url":"/health"},"timestamp":"2025-08-11T08:11:20.550Z"}
{"level":"info","message":{"file":"91","function":"/health","level":"info","message":"Health check endpoint hit","timestamp":"2025-08-11T08:11:48.941Z"},"timestamp":"2025-08-11T08:11:48.958Z"}
{"level":"info","message":{"file":"index.js","function":"requestLogger","ip":"::1","level":"info","message":">>>>> HTTP GET Request recieved at /health URL with payload {}>>>>>","method":"GET","statusCode":200,"timestamp":"2025-08-11T08:11:49.229Z","url":"/health"},"timestamp":"2025-08-11T08:11:49.262Z"}
{"level":"info","message":{"file":"index.js","function":"requestLogger","ip":"::1","level":"info","message":">>>>> HTTP GET Request recieved at /health URL with payload {}>>>>>","method":"GET","statusCode":200,"timestamp":"2025-08-11T08:11:49.263Z","url":"/health"},"timestamp":"2025-08-11T08:11:49.279Z"}
{"level":"info","message":{"file":"91","function":"/health","level":"info","message":"Health check endpoint hit","timestamp":"2025-08-11T08:12:17.009Z"},"timestamp":"2025-08-11T08:12:17.010Z"}
{"level":"info","message":{"file":"index.js","function":"requestLogger","ip":"::1","level":"info","message":">>>>> HTTP GET Request recieved at /health URL with payload {}>>>>>","method":"GET","statusCode":200,"timestamp":"2025-08-11T08:12:17.010Z","url":"/health"},"timestamp":"2025-08-11T08:12:17.010Z"}
{"level":"info","message":{"file":"index.js","function":"requestLogger","ip":"::1","level":"info","message":">>>>> HTTP GET Request recieved at /health URL with payload {}>>>>>","method":"GET","statusCode":200,"timestamp":"2025-08-11T08:12:17.010Z","url":"/health"},"timestamp":"2025-08-11T08:12:17.011Z"}
{"level":"info","message":{"file":"91","function":"/health","level":"info","message":"Health check endpoint hit","timestamp":"2025-08-11T08:12:44.410Z"},"timestamp":"2025-08-11T08:12:44.411Z"}
{"level":"info","message":{"file":"index.js","function":"requestLogger","ip":"::1","level":"info","message":">>>>> HTTP GET Request recieved at /health URL with payload {}>>>>>","method":"GET","statusCode":200,"timestamp":"2025-08-11T08:12:44.412Z","url":"/health"},"timestamp":"2025-08-11T08:12:44.413Z"}
{"level":"info","message":{"file":"index.js","function":"requestLogger","ip":"::1","level":"info","message":">>>>> HTTP GET Request recieved at /health URL with payload {}>>>>>","method":"GET","statusCode":200,"timestamp":"2025-08-11T08:12:44.413Z","url":"/health"},"timestamp":"2025-08-11T08:12:44.413Z"}
{"level":"info","message":{"file":"91","function":"/health","level":"info","message":"Health check endpoint hit","timestamp":"2025-08-11T08:13:11.826Z"},"timestamp":"2025-08-11T08:13:11.826Z"}
{"level":"info","message":{"file":"index.js","function":"requestLogger","ip":"::1","level":"info","message":">>>>> HTTP GET Request recieved at /health URL with payload {}>>>>>","method":"GET","statusCode":200,"timestamp":"2025-08-11T08:13:11.827Z","url":"/health"},"timestamp":"2025-08-11T08:13:11.827Z"}
{"level":"info","message":{"file":"index.js","function":"requestLogger","ip":"::1","level":"info","message":">>>>> HTTP GET Request recieved at /health URL with payload {}>>>>>","method":"GET","statusCode":200,"timestamp":"2025-08-11T08:13:11.827Z","url":"/health"},"timestamp":"2025-08-11T08:13:11.828Z"}
{"level":"info","message":{"file":"91","function":"/health","level":"info","message":"Health check endpoint hit","timestamp":"2025-08-11T08:13:39.222Z"},"timestamp":"2025-08-11T08:13:39.223Z"}
{"level":"info","message":{"file":"index.js","function":"requestLogger","ip":"::1","level":"info","message":">>>>> HTTP GET Request recieved at /health URL with payload {}>>>>>","method":"GET","statusCode":200,"timestamp":"2025-08-11T08:13:39.224Z","url":"/health"},"timestamp":"2025-08-11T08:13:39.224Z"}
{"level":"info","message":{"file":"index.js","function":"requestLogger","ip":"::1","level":"info","message":">>>>> HTTP GET Request recieved at /health URL with payload {}>>>>>","method":"GET","statusCode":200,"timestamp":"2025-08-11T08:13:39.224Z","url":"/health"},"timestamp":"2025-08-11T08:13:39.224Z"}
{"level":"info","message":{"file":"91","function":"/health","level":"info","message":"Health check endpoint hit","timestamp":"2025-08-11T08:14:06.601Z"},"timestamp":"2025-08-11T08:14:06.601Z"}
{"level":"info","message":{"file":"index.js","function":"requestLogger","ip":"::1","level":"info","message":">>>>> HTTP GET Request recieved at /health URL with payload {}>>>>>","method":"GET","statusCode":200,"timestamp":"2025-08-11T08:14:06.602Z","url":"/health"},"timestamp":"2025-08-11T08:14:06.602Z"}
{"level":"info","message":{"file":"index.js","function":"requestLogger","ip":"::1","level":"info","message":">>>>> HTTP GET Request recieved at /health URL with payload {}>>>>>","method":"GET","statusCode":200,"timestamp":"2025-08-11T08:14:06.602Z","url":"/health"},"timestamp":"2025-08-11T08:14:06.602Z"}
{"level":"info","message":{"file":"91","function":"/health","level":"info","message":"Health check endpoint hit","timestamp":"2025-08-11T08:14:34.055Z"},"timestamp":"2025-08-11T08:14:34.056Z"}
{"level":"info","message":{"file":"index.js","function":"requestLogger","ip":"::1","level":"info","message":">>>>> HTTP GET Request recieved at /health URL with payload {}>>>>>","method":"GET","statusCode":200,"timestamp":"2025-08-11T08:14:34.056Z","url":"/health"},"timestamp":"2025-08-11T08:14:34.057Z"}
{"level":"info","message":{"file":"index.js","function":"requestLogger","ip":"::1","level":"info","message":">>>>> HTTP GET Request recieved at /health URL with payload {}>>>>>","method":"GET","statusCode":200,"timestamp":"2025-08-11T08:14:34.057Z","url":"/health"},"timestamp":"2025-08-11T08:14:34.057Z"}
{"level":"info","message":{"file":"91","function":"/health","level":"info","message":"Health check endpoint hit","timestamp":"2025-08-11T08:15:01.479Z"},"timestamp":"2025-08-11T08:15:01.480Z"}
{"level":"info","message":{"file":"index.js","function":"requestLogger","ip":"::1","level":"info","message":">>>>> HTTP GET Request recieved at /health URL with payload {}>>>>>","method":"GET","statusCode":200,"timestamp":"2025-08-11T08:15:01.480Z","url":"/health"},"timestamp":"2025-08-11T08:15:01.480Z"}
{"level":"info","message":{"file":"index.js","function":"requestLogger","ip":"::1","level":"info","message":">>>>> HTTP GET Request recieved at /health URL with payload {}>>>>>","method":"GET","statusCode":200,"timestamp":"2025-08-11T08:15:01.481Z","url":"/health"},"timestamp":"2025-08-11T08:15:01.481Z"}
{"level":"info","message":{"file":"91","function":"/health","level":"info","message":"Health check endpoint hit","timestamp":"2025-08-11T08:15:29.090Z"},"timestamp":"2025-08-11T08:15:29.093Z"}
{"level":"info","message":{"file":"index.js","function":"requestLogger","ip":"::1","level":"info","message":">>>>> HTTP GET Request recieved at /health URL with payload {}>>>>>","method":"GET","statusCode":200,"timestamp":"2025-08-11T08:15:29.095Z","url":"/health"},"timestamp":"2025-08-11T08:15:29.095Z"}
{"level":"info","message":{"file":"index.js","function":"requestLogger","ip":"::1","level":"info","message":">>>>> HTTP GET Request recieved at /health URL with payload {}>>>>>","method":"GET","statusCode":200,"timestamp":"2025-08-11T08:15:29.095Z","url":"/health"},"timestamp":"2025-08-11T08:15:29.096Z"}
{"level":"info","message":{"file":"91","function":"/health","level":"info","message":"Health check endpoint hit","timestamp":"2025-08-11T08:15:56.580Z"},"timestamp":"2025-08-11T08:15:56.581Z"}
{"level":"info","message":{"file":"index.js","function":"requestLogger","ip":"::1","level":"info","message":">>>>> HTTP GET Request recieved at /health URL with payload {}>>>>>","method":"GET","statusCode":200,"timestamp":"2025-08-11T08:15:56.582Z","url":"/health"},"timestamp":"2025-08-11T08:15:56.582Z"}
{"level":"info","message":{"file":"index.js","function":"requestLogger","ip":"::1","level":"info","message":">>>>> HTTP GET Request recieved at /health URL with payload {}>>>>>","method":"GET","statusCode":200,"timestamp":"2025-08-11T08:15:56.582Z","url":"/health"},"timestamp":"2025-08-11T08:15:56.583Z"}
{"level":"info","message":{"file":"91","function":"/health","level":"info","message":"Health check endpoint hit","timestamp":"2025-08-11T08:16:23.991Z"},"timestamp":"2025-08-11T08:16:23.992Z"}
{"level":"info","message":{"file":"index.js","function":"requestLogger","ip":"::1","level":"info","message":">>>>> HTTP GET Request recieved at /health URL with payload {}>>>>>","method":"GET","statusCode":200,"timestamp":"2025-08-11T08:16:23.993Z","url":"/health"},"timestamp":"2025-08-11T08:16:23.993Z"}
{"level":"info","message":{"file":"index.js","function":"requestLogger","ip":"::1","level":"info","message":">>>>> HTTP GET Request recieved at /health URL with payload {}>>>>>","method":"GET","statusCode":200,"timestamp":"2025-08-11T08:16:23.993Z","url":"/health"},"timestamp":"2025-08-11T08:16:23.993Z"}
{"level":"info","message":{"file":"91","function":"/health","level":"info","message":"Health check endpoint hit","timestamp":"2025-08-11T08:16:51.368Z"},"timestamp":"2025-08-11T08:16:51.368Z"}
{"level":"info","message":{"file":"index.js","function":"requestLogger","ip":"::1","level":"info","message":">>>>> HTTP GET Request recieved at /health URL with payload {}>>>>>","method":"GET","statusCode":200,"timestamp":"2025-08-11T08:16:51.369Z","url":"/health"},"timestamp":"2025-08-11T08:16:51.369Z"}
{"level":"info","message":{"file":"index.js","function":"requestLogger","ip":"::1","level":"info","message":">>>>> HTTP GET Request recieved at /health URL with payload {}>>>>>","method":"GET","statusCode":200,"timestamp":"2025-08-11T08:16:51.369Z","url":"/health"},"timestamp":"2025-08-11T08:16:51.370Z"}
{"level":"info","message":{"file":"91","function":"/health","level":"info","message":"Health check endpoint hit","timestamp":"2025-08-11T08:17:18.760Z"},"timestamp":"2025-08-11T08:17:18.761Z"}
{"level":"info","message":{"file":"index.js","function":"requestLogger","ip":"::1","level":"info","message":">>>>> HTTP GET Request recieved at /health URL with payload {}>>>>>","method":"GET","statusCode":200,"timestamp":"2025-08-11T08:17:18.763Z","url":"/health"},"timestamp":"2025-08-11T08:17:18.764Z"}
{"level":"info","message":{"file":"index.js","function":"requestLogger","ip":"::1","level":"info","message":">>>>> HTTP GET Request recieved at /health URL with payload {}>>>>>","method":"GET","statusCode":200,"timestamp":"2025-08-11T08:17:18.764Z","url":"/health"},"timestamp":"2025-08-11T08:17:18.766Z"}
{"level":"info","message":{"file":"91","function":"/health","level":"info","message":"Health check endpoint hit","timestamp":"2025-08-11T08:17:46.460Z"},"timestamp":"2025-08-11T08:17:46.461Z"}
{"level":"info","message":{"file":"index.js","function":"requestLogger","ip":"::1","level":"info","message":">>>>> HTTP GET Request recieved at /health URL with payload {}>>>>>","method":"GET","statusCode":200,"timestamp":"2025-08-11T08:17:46.462Z","url":"/health"},"timestamp":"2025-08-11T08:17:46.462Z"}
{"level":"info","message":{"file":"index.js","function":"requestLogger","ip":"::1","level":"info","message":">>>>> HTTP GET Request recieved at /health URL with payload {}>>>>>","method":"GET","statusCode":200,"timestamp":"2025-08-11T08:17:46.462Z","url":"/health"},"timestamp":"2025-08-11T08:17:46.463Z"}
{"level":"info","message":{"file":"91","function":"/health","level":"info","message":"Health check endpoint hit","timestamp":"2025-08-11T08:18:13.847Z"},"timestamp":"2025-08-11T08:18:13.848Z"}
{"level":"info","message":{"file":"index.js","function":"requestLogger","ip":"::1","level":"info","message":">>>>> HTTP GET Request recieved at /health URL with payload {}>>>>>","method":"GET","statusCode":200,"timestamp":"2025-08-11T08:18:13.848Z","url":"/health"},"timestamp":"2025-08-11T08:18:13.849Z"}
{"level":"info","message":{"file":"index.js","function":"requestLogger","ip":"::1","level":"info","message":">>>>> HTTP GET Request recieved at /health URL with payload {}>>>>>","method":"GET","statusCode":200,"timestamp":"2025-08-11T08:18:13.849Z","url":"/health"},"timestamp":"2025-08-11T08:18:13.849Z"}
{"level":"info","message":{"file":"91","function":"/health","level":"info","message":"Health check endpoint hit","timestamp":"2025-08-11T08:18:41.277Z"},"timestamp":"2025-08-11T08:18:41.277Z"}
{"level":"info","message":{"file":"index.js","function":"requestLogger","ip":"::1","level":"info","message":">>>>> HTTP GET Request recieved at /health URL with payload {}>>>>>","method":"GET","statusCode":200,"timestamp":"2025-08-11T08:18:41.278Z","url":"/health"},"timestamp":"2025-08-11T08:18:41.278Z"}
{"level":"info","message":{"file":"index.js","function":"requestLogger","ip":"::1","level":"info","message":">>>>> HTTP GET Request recieved at /health URL with payload {}>>>>>","method":"GET","statusCode":200,"timestamp":"2025-08-11T08:18:41.278Z","url":"/health"},"timestamp":"2025-08-11T08:18:41.278Z"}
{"level":"info","message":{"file":"91","function":"/health","level":"info","message":"Health check endpoint hit","timestamp":"2025-08-11T08:19:08.652Z"},"timestamp":"2025-08-11T08:19:08.652Z"}
{"level":"info","message":{"file":"index.js","function":"requestLogger","ip":"::1","level":"info","message":">>>>> HTTP GET Request recieved at /health URL with payload {}>>>>>","method":"GET","statusCode":200,"timestamp":"2025-08-11T08:19:08.653Z","url":"/health"},"timestamp":"2025-08-11T08:19:08.653Z"}
{"level":"info","message":{"file":"index.js","function":"requestLogger","ip":"::1","level":"info","message":">>>>> HTTP GET Request recieved at /health URL with payload {}>>>>>","method":"GET","statusCode":200,"timestamp":"2025-08-11T08:19:08.653Z","url":"/health"},"timestamp":"2025-08-11T08:19:08.653Z"}
{"level":"info","message":{"file":"91","function":"/health","level":"info","message":"Health check endpoint hit","timestamp":"2025-08-11T08:19:36.060Z"},"timestamp":"2025-08-11T08:19:36.060Z"}
{"level":"info","message":{"file":"index.js","function":"requestLogger","ip":"::1","level":"info","message":">>>>> HTTP GET Request recieved at /health URL with payload {}>>>>>","method":"GET","statusCode":200,"timestamp":"2025-08-11T08:19:36.061Z","url":"/health"},"timestamp":"2025-08-11T08:19:36.061Z"}
{"level":"info","message":{"file":"index.js","function":"requestLogger","ip":"::1","level":"info","message":">>>>> HTTP GET Request recieved at /health URL with payload {}>>>>>","method":"GET","statusCode":200,"timestamp":"2025-08-11T08:19:36.061Z","url":"/health"},"timestamp":"2025-08-11T08:19:36.061Z"}
{"level":"info","message":{"file":"91","function":"/health","level":"info","message":"Health check endpoint hit","timestamp":"2025-08-11T08:20:03.449Z"},"timestamp":"2025-08-11T08:20:03.449Z"}
{"level":"info","message":{"file":"index.js","function":"requestLogger","ip":"::1","level":"info","message":">>>>> HTTP GET Request recieved at /health URL with payload {}>>>>>","method":"GET","statusCode":200,"timestamp":"2025-08-11T08:20:03.450Z","url":"/health"},"timestamp":"2025-08-11T08:20:03.450Z"}
{"level":"info","message":{"file":"index.js","function":"requestLogger","ip":"::1","level":"info","message":">>>>> HTTP GET Request recieved at /health URL with payload {}>>>>>","method":"GET","statusCode":200,"timestamp":"2025-08-11T08:20:03.450Z","url":"/health"},"timestamp":"2025-08-11T08:20:03.451Z"}
{"level":"info","message":{"file":"91","function":"/health","level":"info","message":"Health check endpoint hit","timestamp":"2025-08-11T08:20:30.860Z"},"timestamp":"2025-08-11T08:20:30.860Z"}
{"level":"info","message":{"file":"index.js","function":"requestLogger","ip":"::1","level":"info","message":">>>>> HTTP GET Request recieved at /health URL with payload {}>>>>>","method":"GET","statusCode":200,"timestamp":"2025-08-11T08:20:30.861Z","url":"/health"},"timestamp":"2025-08-11T08:20:30.862Z"}
{"level":"info","message":{"file":"index.js","function":"requestLogger","ip":"::1","level":"info","message":">>>>> HTTP GET Request recieved at /health URL with payload {}>>>>>","method":"GET","statusCode":200,"timestamp":"2025-08-11T08:20:30.862Z","url":"/health"},"timestamp":"2025-08-11T08:20:30.862Z"}
{"level":"info","message":{"file":"91","function":"/health","level":"info","message":"Health check endpoint hit","timestamp":"2025-08-11T08:20:58.263Z"},"timestamp":"2025-08-11T08:20:58.264Z"}
{"level":"info","message":{"file":"index.js","function":"requestLogger","ip":"::1","level":"info","message":">>>>> HTTP GET Request recieved at /health URL with payload {}>>>>>","method":"GET","statusCode":200,"timestamp":"2025-08-11T08:20:58.265Z","url":"/health"},"timestamp":"2025-08-11T08:20:58.265Z"}
{"level":"info","message":{"file":"index.js","function":"requestLogger","ip":"::1","level":"info","message":">>>>> HTTP GET Request recieved at /health URL with payload {}>>>>>","method":"GET","statusCode":200,"timestamp":"2025-08-11T08:20:58.265Z","url":"/health"},"timestamp":"2025-08-11T08:20:58.265Z"}
{"level":"info","message":{"file":"91","function":"/health","level":"info","message":"Health check endpoint hit","timestamp":"2025-08-11T08:21:25.641Z"},"timestamp":"2025-08-11T08:21:25.641Z"}
{"level":"info","message":{"file":"index.js","function":"requestLogger","ip":"::1","level":"info","message":">>>>> HTTP GET Request recieved at /health URL with payload {}>>>>>","method":"GET","statusCode":200,"timestamp":"2025-08-11T08:21:25.642Z","url":"/health"},"timestamp":"2025-08-11T08:21:25.642Z"}
{"level":"info","message":{"file":"index.js","function":"requestLogger","ip":"::1","level":"info","message":">>>>> HTTP GET Request recieved at /health URL with payload {}>>>>>","method":"GET","statusCode":200,"timestamp":"2025-08-11T08:21:25.642Z","url":"/health"},"timestamp":"2025-08-11T08:21:25.642Z"}
{"level":"info","message":{"file":"91","function":"/health","level":"info","message":"Health check endpoint hit","timestamp":"2025-08-11T08:21:53.085Z"},"timestamp":"2025-08-11T08:21:53.085Z"}
{"level":"info","message":{"file":"index.js","function":"requestLogger","ip":"::1","level":"info","message":">>>>> HTTP GET Request recieved at /health URL with payload {}>>>>>","method":"GET","statusCode":200,"timestamp":"2025-08-11T08:21:53.087Z","url":"/health"},"timestamp":"2025-08-11T08:21:53.087Z"}
{"level":"info","message":{"file":"index.js","function":"requestLogger","ip":"::1","level":"info","message":">>>>> HTTP GET Request recieved at /health URL with payload {}>>>>>","method":"GET","statusCode":200,"timestamp":"2025-08-11T08:21:53.087Z","url":"/health"},"timestamp":"2025-08-11T08:21:53.088Z"}
{"level":"info","message":{"file":"91","function":"/health","level":"info","message":"Health check endpoint hit","timestamp":"2025-08-11T08:22:20.459Z"},"timestamp":"2025-08-11T08:22:20.459Z"}
{"level":"info","message":{"file":"index.js","function":"requestLogger","ip":"::1","level":"info","message":">>>>> HTTP GET Request recieved at /health URL with payload {}>>>>>","method":"GET","statusCode":200,"timestamp":"2025-08-11T08:22:20.460Z","url":"/health"},"timestamp":"2025-08-11T08:22:20.460Z"}
{"level":"info","message":{"file":"index.js","function":"requestLogger","ip":"::1","level":"info","message":">>>>> HTTP GET Request recieved at /health URL with payload {}>>>>>","method":"GET","statusCode":200,"timestamp":"2025-08-11T08:22:20.460Z","url":"/health"},"timestamp":"2025-08-11T08:22:20.460Z"}
{"level":"info","message":{"file":"91","function":"/health","level":"info","message":"Health check endpoint hit","timestamp":"2025-08-11T08:22:47.839Z"},"timestamp":"2025-08-11T08:22:47.839Z"}
{"level":"info","message":{"file":"index.js","function":"requestLogger","ip":"::1","level":"info","message":">>>>> HTTP GET Request recieved at /health URL with payload {}>>>>>","method":"GET","statusCode":200,"timestamp":"2025-08-11T08:22:47.840Z","url":"/health"},"timestamp":"2025-08-11T08:22:47.840Z"}
{"level":"info","message":{"file":"index.js","function":"requestLogger","ip":"::1","level":"info","message":">>>>> HTTP GET Request recieved at /health URL with payload {}>>>>>","method":"GET","statusCode":200,"timestamp":"2025-08-11T08:22:47.840Z","url":"/health"},"timestamp":"2025-08-11T08:22:47.840Z"}
{"level":"info","message":{"file":"91","function":"/health","level":"info","message":"Health check endpoint hit","timestamp":"2025-08-11T08:23:15.255Z"},"timestamp":"2025-08-11T08:23:15.255Z"}
{"level":"info","message":{"file":"index.js","function":"requestLogger","ip":"::1","level":"info","message":">>>>> HTTP GET Request recieved at /health URL with payload {}>>>>>","method":"GET","statusCode":200,"timestamp":"2025-08-11T08:23:15.256Z","url":"/health"},"timestamp":"2025-08-11T08:23:15.257Z"}
{"level":"info","message":{"file":"index.js","function":"requestLogger","ip":"::1","level":"info","message":">>>>> HTTP GET Request recieved at /health URL with payload {}>>>>>","method":"GET","statusCode":200,"timestamp":"2025-08-11T08:23:15.257Z","url":"/health"},"timestamp":"2025-08-11T08:23:15.257Z"}
{"level":"info","message":{"file":"91","function":"/health","level":"info","message":"Health check endpoint hit","timestamp":"2025-08-11T08:23:42.642Z"},"timestamp":"2025-08-11T08:23:42.642Z"}
{"level":"info","message":{"file":"index.js","function":"requestLogger","ip":"::1","level":"info","message":">>>>> HTTP GET Request recieved at /health URL with payload {}>>>>>","method":"GET","statusCode":200,"timestamp":"2025-08-11T08:23:42.643Z","url":"/health"},"timestamp":"2025-08-11T08:23:42.645Z"}
{"level":"info","message":{"file":"index.js","function":"requestLogger","ip":"::1","level":"info","message":">>>>> HTTP GET Request recieved at /health URL with payload {}>>>>>","method":"GET","statusCode":200,"timestamp":"2025-08-11T08:23:42.645Z","url":"/health"},"timestamp":"2025-08-11T08:23:42.645Z"}
{"level":"info","message":{"file":"91","function":"/health","level":"info","message":"Health check endpoint hit","timestamp":"2025-08-11T08:24:10.098Z"},"timestamp":"2025-08-11T08:24:10.099Z"}
{"level":"info","message":{"file":"index.js","function":"requestLogger","ip":"::1","level":"info","message":">>>>> HTTP GET Request recieved at /health URL with payload {}>>>>>","method":"GET","statusCode":200,"timestamp":"2025-08-11T08:24:10.100Z","url":"/health"},"timestamp":"2025-08-11T08:24:10.100Z"}
{"level":"info","message":{"file":"index.js","function":"requestLogger","ip":"::1","level":"info","message":">>>>> HTTP GET Request recieved at /health URL with payload {}>>>>>","method":"GET","statusCode":200,"timestamp":"2025-08-11T08:24:10.100Z","url":"/health"},"timestamp":"2025-08-11T08:24:10.100Z"}
{"level":"info","message":{"file":"91","function":"/health","level":"info","message":"Health check endpoint hit","timestamp":"2025-08-11T08:24:37.514Z"},"timestamp":"2025-08-11T08:24:37.514Z"}
{"level":"info","message":{"file":"index.js","function":"requestLogger","ip":"::1","level":"info","message":">>>>> HTTP GET Request recieved at /health URL with payload {}>>>>>","method":"GET","statusCode":200,"timestamp":"2025-08-11T08:24:37.517Z","url":"/health"},"timestamp":"2025-08-11T08:24:37.517Z"}
{"level":"info","message":{"file":"index.js","function":"requestLogger","ip":"::1","level":"info","message":">>>>> HTTP GET Request recieved at /health URL with payload {}>>>>>","method":"GET","statusCode":200,"timestamp":"2025-08-11T08:24:37.517Z","url":"/health"},"timestamp":"2025-08-11T08:24:37.517Z"}
{"level":"info","message":{"file":"91","function":"/health","level":"info","message":"Health check endpoint hit","timestamp":"2025-08-11T08:25:04.907Z"},"timestamp":"2025-08-11T08:25:04.907Z"}
{"level":"info","message":{"file":"index.js","function":"requestLogger","ip":"::1","level":"info","message":">>>>> HTTP GET Request recieved at /health URL with payload {}>>>>>","method":"GET","statusCode":200,"timestamp":"2025-08-11T08:25:04.908Z","url":"/health"},"timestamp":"2025-08-11T08:25:04.908Z"}
{"level":"info","message":{"file":"index.js","function":"requestLogger","ip":"::1","level":"info","message":">>>>> HTTP GET Request recieved at /health URL with payload {}>>>>>","method":"GET","statusCode":200,"timestamp":"2025-08-11T08:25:04.908Z","url":"/health"},"timestamp":"2025-08-11T08:25:04.908Z"}
{"level":"info","message":{"file":"91","function":"/health","level":"info","message":"Health check endpoint hit","timestamp":"2025-08-11T08:25:32.283Z"},"timestamp":"2025-08-11T08:25:32.283Z"}
{"level":"info","message":{"file":"index.js","function":"requestLogger","ip":"::1","level":"info","message":">>>>> HTTP GET Request recieved at /health URL with payload {}>>>>>","method":"GET","statusCode":200,"timestamp":"2025-08-11T08:25:32.284Z","url":"/health"},"timestamp":"2025-08-11T08:25:32.284Z"}
{"level":"info","message":{"file":"index.js","function":"requestLogger","ip":"::1","level":"info","message":">>>>> HTTP GET Request recieved at /health URL with payload {}>>>>>","method":"GET","statusCode":200,"timestamp":"2025-08-11T08:25:32.284Z","url":"/health"},"timestamp":"2025-08-11T08:25:32.284Z"}
{"level":"info","message":{"file":"91","function":"/health","level":"info","message":"Health check endpoint hit","timestamp":"2025-08-11T08:25:59.827Z"},"timestamp":"2025-08-11T08:25:59.827Z"}
{"level":"info","message":{"file":"index.js","function":"requestLogger","ip":"::1","level":"info","message":">>>>> HTTP GET Request recieved at /health URL with payload {}>>>>>","method":"GET","statusCode":200,"timestamp":"2025-08-11T08:25:59.828Z","url":"/health"},"timestamp":"2025-08-11T08:25:59.828Z"}
{"level":"info","message":{"file":"index.js","function":"requestLogger","ip":"::1","level":"info","message":">>>>> HTTP GET Request recieved at /health URL with payload {}>>>>>","method":"GET","statusCode":200,"timestamp":"2025-08-11T08:25:59.828Z","url":"/health"},"timestamp":"2025-08-11T08:25:59.829Z"}
{"level":"info","message":{"file":"91","function":"/health","level":"info","message":"Health check endpoint hit","timestamp":"2025-08-11T08:26:27.200Z"},"timestamp":"2025-08-11T08:26:27.201Z"}
{"level":"info","message":{"file":"index.js","function":"requestLogger","ip":"::1","level":"info","message":">>>>> HTTP GET Request recieved at /health URL with payload {}>>>>>","method":"GET","statusCode":200,"timestamp":"2025-08-11T08:26:27.202Z","url":"/health"},"timestamp":"2025-08-11T08:26:27.202Z"}
{"level":"info","message":{"file":"index.js","function":"requestLogger","ip":"::1","level":"info","message":">>>>> HTTP GET Request recieved at /health URL with payload {}>>>>>","method":"GET","statusCode":200,"timestamp":"2025-08-11T08:26:27.202Z","url":"/health"},"timestamp":"2025-08-11T08:26:27.202Z"}
{"level":"info","message":{"file":"91","function":"/health","level":"info","message":"Health check endpoint hit","timestamp":"2025-08-11T08:26:54.563Z"},"timestamp":"2025-08-11T08:26:54.563Z"}
{"level":"info","message":{"file":"index.js","function":"requestLogger","ip":"::1","level":"info","message":">>>>> HTTP GET Request recieved at /health URL with payload {}>>>>>","method":"GET","statusCode":200,"timestamp":"2025-08-11T08:26:54.565Z","url":"/health"},"timestamp":"2025-08-11T08:26:54.565Z"}
{"level":"info","message":{"file":"index.js","function":"requestLogger","ip":"::1","level":"info","message":">>>>> HTTP GET Request recieved at /health URL with payload {}>>>>>","method":"GET","statusCode":200,"timestamp":"2025-08-11T08:26:54.565Z","url":"/health"},"timestamp":"2025-08-11T08:26:54.565Z"}
{"level":"info","message":{"file":"91","function":"/health","level":"info","message":"Health check endpoint hit","timestamp":"2025-08-11T08:27:21.934Z"},"timestamp":"2025-08-11T08:27:21.934Z"}
{"level":"info","message":{"file":"index.js","function":"requestLogger","ip":"::1","level":"info","message":">>>>> HTTP GET Request recieved at /health URL with payload {}>>>>>","method":"GET","statusCode":200,"timestamp":"2025-08-11T08:27:21.936Z","url":"/health"},"timestamp":"2025-08-11T08:27:21.936Z"}
{"level":"info","message":{"file":"index.js","function":"requestLogger","ip":"::1","level":"info","message":">>>>> HTTP GET Request recieved at /health URL with payload {}>>>>>","method":"GET","statusCode":200,"timestamp":"2025-08-11T08:27:21.936Z","url":"/health"},"timestamp":"2025-08-11T08:27:21.936Z"}
{"level":"info","message":{"file":"91","function":"/health","level":"info","message":"Health check endpoint hit","timestamp":"2025-08-11T08:27:49.313Z"},"timestamp":"2025-08-11T08:27:49.313Z"}
{"level":"info","message":{"file":"index.js","function":"requestLogger","ip":"::1","level":"info","message":">>>>> HTTP GET Request recieved at /health URL with payload {}>>>>>","method":"GET","statusCode":200,"timestamp":"2025-08-11T08:27:49.314Z","url":"/health"},"timestamp":"2025-08-11T08:27:49.314Z"}
{"level":"info","message":{"file":"index.js","function":"requestLogger","ip":"::1","level":"info","message":">>>>> HTTP GET Request recieved at /health URL with payload {}>>>>>","method":"GET","statusCode":200,"timestamp":"2025-08-11T08:27:49.314Z","url":"/health"},"timestamp":"2025-08-11T08:27:49.315Z"}
{"level":"info","message":{"file":"91","function":"/health","level":"info","message":"Health check endpoint hit","timestamp":"2025-08-11T08:28:16.762Z"},"timestamp":"2025-08-11T08:28:16.762Z"}
{"level":"info","message":{"file":"index.js","function":"requestLogger","ip":"::1","level":"info","message":">>>>> HTTP GET Request recieved at /health URL with payload {}>>>>>","method":"GET","statusCode":200,"timestamp":"2025-08-11T08:28:16.764Z","url":"/health"},"timestamp":"2025-08-11T08:28:16.764Z"}
{"level":"info","message":{"file":"index.js","function":"requestLogger","ip":"::1","level":"info","message":">>>>> HTTP GET Request recieved at /health URL with payload {}>>>>>","method":"GET","statusCode":200,"timestamp":"2025-08-11T08:28:16.765Z","url":"/health"},"timestamp":"2025-08-11T08:28:16.765Z"}
{"level":"info","message":{"file":"91","function":"/health","level":"info","message":"Health check endpoint hit","timestamp":"2025-08-11T08:28:44.668Z"},"timestamp":"2025-08-11T08:28:44.669Z"}
{"level":"info","message":{"file":"index.js","function":"requestLogger","ip":"::1","level":"info","message":">>>>> HTTP GET Request recieved at /health URL with payload {}>>>>>","method":"GET","statusCode":200,"timestamp":"2025-08-11T08:28:44.670Z","url":"/health"},"timestamp":"2025-08-11T08:28:44.671Z"}
{"level":"info","message":{"file":"index.js","function":"requestLogger","ip":"::1","level":"info","message":">>>>> HTTP GET Request recieved at /health URL with payload {}>>>>>","method":"GET","statusCode":200,"timestamp":"2025-08-11T08:28:44.671Z","url":"/health"},"timestamp":"2025-08-11T08:28:44.671Z"}
{"level":"info","message":{"file":"91","function":"/health","level":"info","message":"Health check endpoint hit","timestamp":"2025-08-11T08:29:12.075Z"},"timestamp":"2025-08-11T08:29:12.075Z"}
{"level":"info","message":{"file":"index.js","function":"requestLogger","ip":"::1","level":"info","message":">>>>> HTTP GET Request recieved at /health URL with payload {}>>>>>","method":"GET","statusCode":200,"timestamp":"2025-08-11T08:29:12.076Z","url":"/health"},"timestamp":"2025-08-11T08:29:12.076Z"}
{"level":"info","message":{"file":"index.js","function":"requestLogger","ip":"::1","level":"info","message":">>>>> HTTP GET Request recieved at /health URL with payload {}>>>>>","method":"GET","statusCode":200,"timestamp":"2025-08-11T08:29:12.076Z","url":"/health"},"timestamp":"2025-08-11T08:29:12.077Z"}
{"level":"info","message":{"file":"91","function":"/health","level":"info","message":"Health check endpoint hit","timestamp":"2025-08-11T08:29:39.441Z"},"timestamp":"2025-08-11T08:29:39.442Z"}
{"level":"info","message":{"file":"index.js","function":"requestLogger","ip":"::1","level":"info","message":">>>>> HTTP GET Request recieved at /health URL with payload {}>>>>>","method":"GET","statusCode":200,"timestamp":"2025-08-11T08:29:39.442Z","url":"/health"},"timestamp":"2025-08-11T08:29:39.443Z"}
{"level":"info","message":{"file":"index.js","function":"requestLogger","ip":"::1","level":"info","message":">>>>> HTTP GET Request recieved at /health URL with payload {}>>>>>","method":"GET","statusCode":200,"timestamp":"2025-08-11T08:29:39.443Z","url":"/health"},"timestamp":"2025-08-11T08:29:39.443Z"}
{"level":"info","message":{"file":"91","function":"/health","level":"info","message":"Health check endpoint hit","timestamp":"2025-08-11T08:30:06.818Z"},"timestamp":"2025-08-11T08:30:06.819Z"}
{"level":"info","message":{"file":"index.js","function":"requestLogger","ip":"::1","level":"info","message":">>>>> HTTP GET Request recieved at /health URL with payload {}>>>>>","method":"GET","statusCode":200,"timestamp":"2025-08-11T08:30:06.820Z","url":"/health"},"timestamp":"2025-08-11T08:30:06.820Z"}
{"level":"info","message":{"file":"index.js","function":"requestLogger","ip":"::1","level":"info","message":">>>>> HTTP GET Request recieved at /health URL with payload {}>>>>>","method":"GET","statusCode":200,"timestamp":"2025-08-11T08:30:06.822Z","url":"/health"},"timestamp":"2025-08-11T08:30:06.822Z"}
{"level":"info","message":{"file":"91","function":"/health","level":"info","message":"Health check endpoint hit","timestamp":"2025-08-11T08:30:34.281Z"},"timestamp":"2025-08-11T08:30:34.281Z"}
{"level":"info","message":{"file":"index.js","function":"requestLogger","ip":"::1","level":"info","message":">>>>> HTTP GET Request recieved at /health URL with payload {}>>>>>","method":"GET","statusCode":200,"timestamp":"2025-08-11T08:30:34.282Z","url":"/health"},"timestamp":"2025-08-11T08:30:34.283Z"}
{"level":"info","message":{"file":"index.js","function":"requestLogger","ip":"::1","level":"info","message":">>>>> HTTP GET Request recieved at /health URL with payload {}>>>>>","method":"GET","statusCode":200,"timestamp":"2025-08-11T08:30:34.283Z","url":"/health"},"timestamp":"2025-08-11T08:30:34.283Z"}
{"level":"info","message":{"file":"91","function":"/health","level":"info","message":"Health check endpoint hit","timestamp":"2025-08-11T08:31:01.750Z"},"timestamp":"2025-08-11T08:31:01.751Z"}
{"level":"info","message":{"file":"index.js","function":"requestLogger","ip":"::1","level":"info","message":">>>>> HTTP GET Request recieved at /health URL with payload {}>>>>>","method":"GET","statusCode":200,"timestamp":"2025-08-11T08:31:01.752Z","url":"/health"},"timestamp":"2025-08-11T08:31:01.752Z"}
{"level":"info","message":{"file":"index.js","function":"requestLogger","ip":"::1","level":"info","message":">>>>> HTTP GET Request recieved at /health URL with payload {}>>>>>","method":"GET","statusCode":200,"timestamp":"2025-08-11T08:31:01.752Z","url":"/health"},"timestamp":"2025-08-11T08:31:01.752Z"}
{"level":"info","message":{"file":"91","function":"/health","level":"info","message":"Health check endpoint hit","timestamp":"2025-08-11T08:31:29.125Z"},"timestamp":"2025-08-11T08:31:29.125Z"}
{"level":"info","message":{"file":"index.js","function":"requestLogger","ip":"::1","level":"info","message":">>>>> HTTP GET Request recieved at /health URL with payload {}>>>>>","method":"GET","statusCode":200,"timestamp":"2025-08-11T08:31:29.126Z","url":"/health"},"timestamp":"2025-08-11T08:31:29.127Z"}
{"level":"info","message":{"file":"index.js","function":"requestLogger","ip":"::1","level":"info","message":">>>>> HTTP GET Request recieved at /health URL with payload {}>>>>>","method":"GET","statusCode":200,"timestamp":"2025-08-11T08:31:29.127Z","url":"/health"},"timestamp":"2025-08-11T08:31:29.127Z"}
{"level":"info","message":{"file":"91","function":"/health","level":"info","message":"Health check endpoint hit","timestamp":"2025-08-11T08:31:56.673Z"},"timestamp":"2025-08-11T08:31:56.674Z"}
{"level":"info","message":{"file":"index.js","function":"requestLogger","ip":"::1","level":"info","message":">>>>> HTTP GET Request recieved at /health URL with payload {}>>>>>","method":"GET","statusCode":200,"timestamp":"2025-08-11T08:31:56.674Z","url":"/health"},"timestamp":"2025-08-11T08:31:56.674Z"}
{"level":"info","message":{"file":"index.js","function":"requestLogger","ip":"::1","level":"info","message":">>>>> HTTP GET Request recieved at /health URL with payload {}>>>>>","method":"GET","statusCode":200,"timestamp":"2025-08-11T08:31:56.674Z","url":"/health"},"timestamp":"2025-08-11T08:31:56.675Z"}
{"level":"info","message":{"file":"91","function":"/health","level":"info","message":"Health check endpoint hit","timestamp":"2025-08-11T08:32:24.101Z"},"timestamp":"2025-08-11T08:32:24.101Z"}
{"level":"info","message":{"file":"index.js","function":"requestLogger","ip":"::1","level":"info","message":">>>>> HTTP GET Request recieved at /health URL with payload {}>>>>>","method":"GET","statusCode":200,"timestamp":"2025-08-11T08:32:24.104Z","url":"/health"},"timestamp":"2025-08-11T08:32:24.104Z"}
{"level":"info","message":{"file":"index.js","function":"requestLogger","ip":"::1","level":"info","message":">>>>> HTTP GET Request recieved at /health URL with payload {}>>>>>","method":"GET","statusCode":200,"timestamp":"2025-08-11T08:32:24.104Z","url":"/health"},"timestamp":"2025-08-11T08:32:24.104Z"}
{"level":"info","message":{"file":"91","function":"/health","level":"info","message":"Health check endpoint hit","timestamp":"2025-08-11T08:32:51.546Z"},"timestamp":"2025-08-11T08:32:51.546Z"}
{"level":"info","message":{"file":"index.js","function":"requestLogger","ip":"::1","level":"info","message":">>>>> HTTP GET Request recieved at /health URL with payload {}>>>>>","method":"GET","statusCode":200,"timestamp":"2025-08-11T08:32:51.547Z","url":"/health"},"timestamp":"2025-08-11T08:32:51.547Z"}
{"level":"info","message":{"file":"index.js","function":"requestLogger","ip":"::1","level":"info","message":">>>>> HTTP GET Request recieved at /health URL with payload {}>>>>>","method":"GET","statusCode":200,"timestamp":"2025-08-11T08:32:51.547Z","url":"/health"},"timestamp":"2025-08-11T08:32:51.547Z"}
{"level":"info","message":{"file":"91","function":"/health","level":"info","message":"Health check endpoint hit","timestamp":"2025-08-11T08:33:18.917Z"},"timestamp":"2025-08-11T08:33:18.918Z"}
{"level":"info","message":{"file":"index.js","function":"requestLogger","ip":"::1","level":"info","message":">>>>> HTTP GET Request recieved at /health URL with payload {}>>>>>","method":"GET","statusCode":200,"timestamp":"2025-08-11T08:33:18.918Z","url":"/health"},"timestamp":"2025-08-11T08:33:18.919Z"}
{"level":"info","message":{"file":"index.js","function":"requestLogger","ip":"::1","level":"info","message":">>>>> HTTP GET Request recieved at /health URL with payload {}>>>>>","method":"GET","statusCode":200,"timestamp":"2025-08-11T08:33:18.919Z","url":"/health"},"timestamp":"2025-08-11T08:33:18.919Z"}
{"level":"info","message":{"file":"91","function":"/health","level":"info","message":"Health check endpoint hit","timestamp":"2025-08-11T08:33:46.326Z"},"timestamp":"2025-08-11T08:33:46.326Z"}
{"level":"info","message":{"file":"index.js","function":"requestLogger","ip":"::1","level":"info","message":">>>>> HTTP GET Request recieved at /health URL with payload {}>>>>>","method":"GET","statusCode":200,"timestamp":"2025-08-11T08:33:46.327Z","url":"/health"},"timestamp":"2025-08-11T08:33:46.327Z"}
{"level":"info","message":{"file":"index.js","function":"requestLogger","ip":"::1","level":"info","message":">>>>> HTTP GET Request recieved at /health URL with payload {}>>>>>","method":"GET","statusCode":200,"timestamp":"2025-08-11T08:33:46.327Z","url":"/health"},"timestamp":"2025-08-11T08:33:46.327Z"}
{"level":"info","message":{"file":"91","function":"/health","level":"info","message":"Health check endpoint hit","timestamp":"2025-08-11T08:34:13.761Z"},"timestamp":"2025-08-11T08:34:13.761Z"}
{"level":"info","message":{"file":"index.js","function":"requestLogger","ip":"::1","level":"info","message":">>>>> HTTP GET Request recieved at /health URL with payload {}>>>>>","method":"GET","statusCode":200,"timestamp":"2025-08-11T08:34:13.762Z","url":"/health"},"timestamp":"2025-08-11T08:34:13.762Z"}
{"level":"info","message":{"file":"index.js","function":"requestLogger","ip":"::1","level":"info","message":">>>>> HTTP GET Request recieved at /health URL with payload {}>>>>>","method":"GET","statusCode":200,"timestamp":"2025-08-11T08:34:13.762Z","url":"/health"},"timestamp":"2025-08-11T08:34:13.762Z"}
{"level":"info","message":{"file":"91","function":"/health","level":"info","message":"Health check endpoint hit","timestamp":"2025-08-11T08:34:41.129Z"},"timestamp":"2025-08-11T08:34:41.129Z"}
{"level":"info","message":{"file":"index.js","function":"requestLogger","ip":"::1","level":"info","message":">>>>> HTTP GET Request recieved at /health URL with payload {}>>>>>","method":"GET","statusCode":200,"timestamp":"2025-08-11T08:34:41.130Z","url":"/health"},"timestamp":"2025-08-11T08:34:41.130Z"}
{"level":"info","message":{"file":"index.js","function":"requestLogger","ip":"::1","level":"info","message":">>>>> HTTP GET Request recieved at /health URL with payload {}>>>>>","method":"GET","statusCode":200,"timestamp":"2025-08-11T08:34:41.130Z","url":"/health"},"timestamp":"2025-08-11T08:34:41.131Z"}
{"level":"info","message":{"file":"91","function":"/health","level":"info","message":"Health check endpoint hit","timestamp":"2025-08-11T08:35:08.506Z"},"timestamp":"2025-08-11T08:35:08.507Z"}
{"level":"info","message":{"file":"index.js","function":"requestLogger","ip":"::1","level":"info","message":">>>>> HTTP GET Request recieved at /health URL with payload {}>>>>>","method":"GET","statusCode":200,"timestamp":"2025-08-11T08:35:08.507Z","url":"/health"},"timestamp":"2025-08-11T08:35:08.508Z"}
{"level":"info","message":{"file":"index.js","function":"requestLogger","ip":"::1","level":"info","message":">>>>> HTTP GET Request recieved at /health URL with payload {}>>>>>","method":"GET","statusCode":200,"timestamp":"2025-08-11T08:35:08.508Z","url":"/health"},"timestamp":"2025-08-11T08:35:08.508Z"}
{"level":"info","message":{"file":"91","function":"/health","level":"info","message":"Health check endpoint hit","timestamp":"2025-08-11T08:35:35.894Z"},"timestamp":"2025-08-11T08:35:35.894Z"}
{"level":"info","message":{"file":"index.js","function":"requestLogger","ip":"::1","level":"info","message":">>>>> HTTP GET Request recieved at /health URL with payload {}>>>>>","method":"GET","statusCode":200,"timestamp":"2025-08-11T08:35:35.896Z","url":"/health"},"timestamp":"2025-08-11T08:35:35.897Z"}
{"level":"info","message":{"file":"index.js","function":"requestLogger","ip":"::1","level":"info","message":">>>>> HTTP GET Request recieved at /health URL with payload {}>>>>>","method":"GET","statusCode":200,"timestamp":"2025-08-11T08:35:35.897Z","url":"/health"},"timestamp":"2025-08-11T08:35:35.897Z"}
{"level":"info","message":{"file":"91","function":"/health","level":"info","message":"Health check endpoint hit","timestamp":"2025-08-11T08:36:03.397Z"},"timestamp":"2025-08-11T08:36:03.397Z"}
{"level":"info","message":{"file":"index.js","function":"requestLogger","ip":"::1","level":"info","message":">>>>> HTTP GET Request recieved at /health URL with payload {}>>>>>","method":"GET","statusCode":200,"timestamp":"2025-08-11T08:36:03.399Z","url":"/health"},"timestamp":"2025-08-11T08:36:03.399Z"}
{"level":"info","message":{"file":"index.js","function":"requestLogger","ip":"::1","level":"info","message":">>>>> HTTP GET Request recieved at /health URL with payload {}>>>>>","method":"GET","statusCode":200,"timestamp":"2025-08-11T08:36:03.399Z","url":"/health"},"timestamp":"2025-08-11T08:36:03.399Z"}
{"level":"info","message":{"file":"91","function":"/health","level":"info","message":"Health check endpoint hit","timestamp":"2025-08-11T08:36:30.809Z"},"timestamp":"2025-08-11T08:36:30.809Z"}
{"level":"info","message":{"file":"index.js","function":"requestLogger","ip":"::1","level":"info","message":">>>>> HTTP GET Request recieved at /health URL with payload {}>>>>>","method":"GET","statusCode":200,"timestamp":"2025-08-11T08:36:30.810Z","url":"/health"},"timestamp":"2025-08-11T08:36:30.810Z"}
{"level":"info","message":{"file":"index.js","function":"requestLogger","ip":"::1","level":"info","message":">>>>> HTTP GET Request recieved at /health URL with payload {}>>>>>","method":"GET","statusCode":200,"timestamp":"2025-08-11T08:36:30.810Z","url":"/health"},"timestamp":"2025-08-11T08:36:30.811Z"}
{"level":"info","message":{"file":"91","function":"/health","level":"info","message":"Health check endpoint hit","timestamp":"2025-08-11T08:36:58.282Z"},"timestamp":"2025-08-11T08:36:58.282Z"}
{"level":"info","message":{"file":"index.js","function":"requestLogger","ip":"::1","level":"info","message":">>>>> HTTP GET Request recieved at /health URL with payload {}>>>>>","method":"GET","statusCode":200,"timestamp":"2025-08-11T08:36:58.283Z","url":"/health"},"timestamp":"2025-08-11T08:36:58.284Z"}
{"level":"info","message":{"file":"index.js","function":"requestLogger","ip":"::1","level":"info","message":">>>>> HTTP GET Request recieved at /health URL with payload {}>>>>>","method":"GET","statusCode":200,"timestamp":"2025-08-11T08:36:58.284Z","url":"/health"},"timestamp":"2025-08-11T08:36:58.284Z"}
{"level":"info","message":{"file":"91","function":"/health","level":"info","message":"Health check endpoint hit","timestamp":"2025-08-11T08:37:25.690Z"},"timestamp":"2025-08-11T08:37:25.690Z"}
{"level":"info","message":{"file":"index.js","function":"requestLogger","ip":"::1","level":"info","message":">>>>> HTTP GET Request recieved at /health URL with payload {}>>>>>","method":"GET","statusCode":200,"timestamp":"2025-08-11T08:37:25.691Z","url":"/health"},"timestamp":"2025-08-11T08:37:25.691Z"}
{"level":"info","message":{"file":"index.js","function":"requestLogger","ip":"::1","level":"info","message":">>>>> HTTP GET Request recieved at /health URL with payload {}>>>>>","method":"GET","statusCode":200,"timestamp":"2025-08-11T08:37:25.691Z","url":"/health"},"timestamp":"2025-08-11T08:37:25.692Z"}
{"level":"info","message":{"file":"91","function":"/health","level":"info","message":"Health check endpoint hit","timestamp":"2025-08-11T08:37:53.072Z"},"timestamp":"2025-08-11T08:37:53.073Z"}
{"level":"info","message":{"file":"index.js","function":"requestLogger","ip":"::1","level":"info","message":">>>>> HTTP GET Request recieved at /health URL with payload {}>>>>>","method":"GET","statusCode":200,"timestamp":"2025-08-11T08:37:53.074Z","url":"/health"},"timestamp":"2025-08-11T08:37:53.074Z"}
{"level":"info","message":{"file":"index.js","function":"requestLogger","ip":"::1","level":"info","message":">>>>> HTTP GET Request recieved at /health URL with payload {}>>>>>","method":"GET","statusCode":200,"timestamp":"2025-08-11T08:37:53.074Z","url":"/health"},"timestamp":"2025-08-11T08:37:53.075Z"}
{"level":"info","message":{"file":"91","function":"/health","level":"info","message":"Health check endpoint hit","timestamp":"2025-08-11T08:38:20.443Z"},"timestamp":"2025-08-11T08:38:20.444Z"}
{"level":"info","message":{"file":"index.js","function":"requestLogger","ip":"::1","level":"info","message":">>>>> HTTP GET Request recieved at /health URL with payload {}>>>>>","method":"GET","statusCode":200,"timestamp":"2025-08-11T08:38:20.444Z","url":"/health"},"timestamp":"2025-08-11T08:38:20.445Z"}
{"level":"info","message":{"file":"index.js","function":"requestLogger","ip":"::1","level":"info","message":">>>>> HTTP GET Request recieved at /health URL with payload {}>>>>>","method":"GET","statusCode":200,"timestamp":"2025-08-11T08:38:20.445Z","url":"/health"},"timestamp":"2025-08-11T08:38:20.445Z"}
{"level":"info","message":{"file":"91","function":"/health","level":"info","message":"Health check endpoint hit","timestamp":"2025-08-11T08:38:47.816Z"},"timestamp":"2025-08-11T08:38:47.817Z"}
{"level":"info","message":{"file":"index.js","function":"requestLogger","ip":"::1","level":"info","message":">>>>> HTTP GET Request recieved at /health URL with payload {}>>>>>","method":"GET","statusCode":200,"timestamp":"2025-08-11T08:38:47.817Z","url":"/health"},"timestamp":"2025-08-11T08:38:47.818Z"}
{"level":"info","message":{"file":"index.js","function":"requestLogger","ip":"::1","level":"info","message":">>>>> HTTP GET Request recieved at /health URL with payload {}>>>>>","method":"GET","statusCode":200,"timestamp":"2025-08-11T08:38:47.818Z","url":"/health"},"timestamp":"2025-08-11T08:38:47.818Z"}
{"level":"info","message":{"file":"91","function":"/health","level":"info","message":"Health check endpoint hit","timestamp":"2025-08-11T08:39:15.335Z"},"timestamp":"2025-08-11T08:39:15.335Z"}
{"level":"info","message":{"file":"index.js","function":"requestLogger","ip":"::1","level":"info","message":">>>>> HTTP GET Request recieved at /health URL with payload {}>>>>>","method":"GET","statusCode":200,"timestamp":"2025-08-11T08:39:15.336Z","url":"/health"},"timestamp":"2025-08-11T08:39:15.337Z"}
{"level":"info","message":{"file":"index.js","function":"requestLogger","ip":"::1","level":"info","message":">>>>> HTTP GET Request recieved at /health URL with payload {}>>>>>","method":"GET","statusCode":200,"timestamp":"2025-08-11T08:39:15.337Z","url":"/health"},"timestamp":"2025-08-11T08:39:15.337Z"}
{"level":"info","message":{"file":"91","function":"/health","level":"info","message":"Health check endpoint hit","timestamp":"2025-08-11T08:39:42.738Z"},"timestamp":"2025-08-11T08:39:42.738Z"}
{"level":"info","message":{"file":"index.js","function":"requestLogger","ip":"::1","level":"info","message":">>>>> HTTP GET Request recieved at /health URL with payload {}>>>>>","method":"GET","statusCode":200,"timestamp":"2025-08-11T08:39:42.739Z","url":"/health"},"timestamp":"2025-08-11T08:39:42.739Z"}
{"level":"info","message":{"file":"index.js","function":"requestLogger","ip":"::1","level":"info","message":">>>>> HTTP GET Request recieved at /health URL with payload {}>>>>>","method":"GET","statusCode":200,"timestamp":"2025-08-11T08:39:42.739Z","url":"/health"},"timestamp":"2025-08-11T08:39:42.739Z"}
{"level":"info","message":{"file":"91","function":"/health","level":"info","message":"Health check endpoint hit","timestamp":"2025-08-11T08:40:10.131Z"},"timestamp":"2025-08-11T08:40:10.131Z"}
{"level":"info","message":{"file":"index.js","function":"requestLogger","ip":"::1","level":"info","message":">>>>> HTTP GET Request recieved at /health URL with payload {}>>>>>","method":"GET","statusCode":200,"timestamp":"2025-08-11T08:40:10.134Z","url":"/health"},"timestamp":"2025-08-11T08:40:10.137Z"}
{"level":"info","message":{"file":"index.js","function":"requestLogger","ip":"::1","level":"info","message":">>>>> HTTP GET Request recieved at /health URL with payload {}>>>>>","method":"GET","statusCode":200,"timestamp":"2025-08-11T08:40:10.137Z","url":"/health"},"timestamp":"2025-08-11T08:40:10.137Z"}
{"level":"info","message":{"file":"91","function":"/health","level":"info","message":"Health check endpoint hit","timestamp":"2025-08-11T08:40:37.509Z"},"timestamp":"2025-08-11T08:40:37.510Z"}
{"level":"info","message":{"file":"index.js","function":"requestLogger","ip":"::1","level":"info","message":">>>>> HTTP GET Request recieved at /health URL with payload {}>>>>>","method":"GET","statusCode":200,"timestamp":"2025-08-11T08:40:37.510Z","url":"/health"},"timestamp":"2025-08-11T08:40:37.510Z"}
{"level":"info","message":{"file":"index.js","function":"requestLogger","ip":"::1","level":"info","message":">>>>> HTTP GET Request recieved at /health URL with payload {}>>>>>","method":"GET","statusCode":200,"timestamp":"2025-08-11T08:40:37.510Z","url":"/health"},"timestamp":"2025-08-11T08:40:37.511Z"}
{"level":"info","message":{"file":"91","function":"/health","level":"info","message":"Health check endpoint hit","timestamp":"2025-08-11T08:41:04.932Z"},"timestamp":"2025-08-11T08:41:04.933Z"}
{"level":"info","message":{"file":"index.js","function":"requestLogger","ip":"::1","level":"info","message":">>>>> HTTP GET Request recieved at /health URL with payload {}>>>>>","method":"GET","statusCode":200,"timestamp":"2025-08-11T08:41:04.934Z","url":"/health"},"timestamp":"2025-08-11T08:41:04.934Z"}
{"level":"info","message":{"file":"index.js","function":"requestLogger","ip":"::1","level":"info","message":">>>>> HTTP GET Request recieved at /health URL with payload {}>>>>>","method":"GET","statusCode":200,"timestamp":"2025-08-11T08:41:04.934Z","url":"/health"},"timestamp":"2025-08-11T08:41:04.934Z"}
{"level":"info","message":{"file":"91","function":"/health","level":"info","message":"Health check endpoint hit","timestamp":"2025-08-11T08:41:32.315Z"},"timestamp":"2025-08-11T08:41:32.315Z"}
{"level":"info","message":{"file":"index.js","function":"requestLogger","ip":"::1","level":"info","message":">>>>> HTTP GET Request recieved at /health URL with payload {}>>>>>","method":"GET","statusCode":200,"timestamp":"2025-08-11T08:41:32.316Z","url":"/health"},"timestamp":"2025-08-11T08:41:32.316Z"}
{"level":"info","message":{"file":"index.js","function":"requestLogger","ip":"::1","level":"info","message":">>>>> HTTP GET Request recieved at /health URL with payload {}>>>>>","method":"GET","statusCode":200,"timestamp":"2025-08-11T08:41:32.316Z","url":"/health"},"timestamp":"2025-08-11T08:41:32.316Z"}
{"level":"info","message":{"file":"91","function":"/health","level":"info","message":"Health check endpoint hit","timestamp":"2025-08-11T08:41:59.687Z"},"timestamp":"2025-08-11T08:41:59.688Z"}
{"level":"info","message":{"file":"index.js","function":"requestLogger","ip":"::1","level":"info","message":">>>>> HTTP GET Request recieved at /health URL with payload {}>>>>>","method":"GET","statusCode":200,"timestamp":"2025-08-11T08:41:59.689Z","url":"/health"},"timestamp":"2025-08-11T08:41:59.689Z"}
{"level":"info","message":{"file":"index.js","function":"requestLogger","ip":"::1","level":"info","message":">>>>> HTTP GET Request recieved at /health URL with payload {}>>>>>","method":"GET","statusCode":200,"timestamp":"2025-08-11T08:41:59.689Z","url":"/health"},"timestamp":"2025-08-11T08:41:59.689Z"}
{"level":"info","message":{"file":"91","function":"/health","level":"info","message":"Health check endpoint hit","timestamp":"2025-08-11T08:42:27.252Z"},"timestamp":"2025-08-11T08:42:27.252Z"}
{"level":"info","message":{"file":"index.js","function":"requestLogger","ip":"::1","level":"info","message":">>>>> HTTP GET Request recieved at /health URL with payload {}>>>>>","method":"GET","statusCode":200,"timestamp":"2025-08-11T08:42:27.253Z","url":"/health"},"timestamp":"2025-08-11T08:42:27.253Z"}
{"level":"info","message":{"file":"index.js","function":"requestLogger","ip":"::1","level":"info","message":">>>>> HTTP GET Request recieved at /health URL with payload {}>>>>>","method":"GET","statusCode":200,"timestamp":"2025-08-11T08:42:27.253Z","url":"/health"},"timestamp":"2025-08-11T08:42:27.253Z"}
{"level":"info","message":{"file":"91","function":"/health","level":"info","message":"Health check endpoint hit","timestamp":"2025-08-11T08:42:54.739Z"},"timestamp":"2025-08-11T08:42:54.740Z"}
{"level":"info","message":{"file":"index.js","function":"requestLogger","ip":"::1","level":"info","message":">>>>> HTTP GET Request recieved at /health URL with payload {}>>>>>","method":"GET","statusCode":200,"timestamp":"2025-08-11T08:42:54.741Z","url":"/health"},"timestamp":"2025-08-11T08:42:54.741Z"}
{"level":"info","message":{"file":"index.js","function":"requestLogger","ip":"::1","level":"info","message":">>>>> HTTP GET Request recieved at /health URL with payload {}>>>>>","method":"GET","statusCode":200,"timestamp":"2025-08-11T08:42:54.741Z","url":"/health"},"timestamp":"2025-08-11T08:42:54.741Z"}
{"level":"info","message":{"file":"91","function":"/health","level":"info","message":"Health check endpoint hit","timestamp":"2025-08-11T08:43:22.140Z"},"timestamp":"2025-08-11T08:43:22.140Z"}
{"level":"info","message":{"file":"index.js","function":"requestLogger","ip":"::1","level":"info","message":">>>>> HTTP GET Request recieved at /health URL with payload {}>>>>>","method":"GET","statusCode":200,"timestamp":"2025-08-11T08:43:22.141Z","url":"/health"},"timestamp":"2025-08-11T08:43:22.142Z"}
{"level":"info","message":{"file":"index.js","function":"requestLogger","ip":"::1","level":"info","message":">>>>> HTTP GET Request recieved at /health URL with payload {}>>>>>","method":"GET","statusCode":200,"timestamp":"2025-08-11T08:43:22.142Z","url":"/health"},"timestamp":"2025-08-11T08:43:22.142Z"}
{"level":"info","message":{"file":"91","function":"/health","level":"info","message":"Health check endpoint hit","timestamp":"2025-08-11T08:43:49.526Z"},"timestamp":"2025-08-11T08:43:49.526Z"}
{"level":"info","message":{"file":"index.js","function":"requestLogger","ip":"::1","level":"info","message":">>>>> HTTP GET Request recieved at /health URL with payload {}>>>>>","method":"GET","statusCode":200,"timestamp":"2025-08-11T08:43:49.527Z","url":"/health"},"timestamp":"2025-08-11T08:43:49.527Z"}
{"level":"info","message":{"file":"index.js","function":"requestLogger","ip":"::1","level":"info","message":">>>>> HTTP GET Request recieved at /health URL with payload {}>>>>>","method":"GET","statusCode":200,"timestamp":"2025-08-11T08:43:49.527Z","url":"/health"},"timestamp":"2025-08-11T08:43:49.527Z"}
{"level":"info","message":{"file":"91","function":"/health","level":"info","message":"Health check endpoint hit","timestamp":"2025-08-11T08:44:16.932Z"},"timestamp":"2025-08-11T08:44:16.933Z"}
{"level":"info","message":{"file":"index.js","function":"requestLogger","ip":"::1","level":"info","message":">>>>> HTTP GET Request recieved at /health URL with payload {}>>>>>","method":"GET","statusCode":200,"timestamp":"2025-08-11T08:44:16.933Z","url":"/health"},"timestamp":"2025-08-11T08:44:16.934Z"}
{"level":"info","message":{"file":"index.js","function":"requestLogger","ip":"::1","level":"info","message":">>>>> HTTP GET Request recieved at /health URL with payload {}>>>>>","method":"GET","statusCode":200,"timestamp":"2025-08-11T08:44:16.934Z","url":"/health"},"timestamp":"2025-08-11T08:44:16.934Z"}
{"level":"info","message":{"file":"91","function":"/health","level":"info","message":"Health check endpoint hit","timestamp":"2025-08-11T08:44:44.334Z"},"timestamp":"2025-08-11T08:44:44.334Z"}
{"level":"info","message":{"file":"index.js","function":"requestLogger","ip":"::1","level":"info","message":">>>>> HTTP GET Request recieved at /health URL with payload {}>>>>>","method":"GET","statusCode":200,"timestamp":"2025-08-11T08:44:44.335Z","url":"/health"},"timestamp":"2025-08-11T08:44:44.335Z"}
{"level":"info","message":{"file":"index.js","function":"requestLogger","ip":"::1","level":"info","message":">>>>> HTTP GET Request recieved at /health URL with payload {}>>>>>","method":"GET","statusCode":200,"timestamp":"2025-08-11T08:44:44.335Z","url":"/health"},"timestamp":"2025-08-11T08:44:44.335Z"}
{"level":"info","message":{"file":"91","function":"/health","level":"info","message":"Health check endpoint hit","timestamp":"2025-08-11T08:45:11.746Z"},"timestamp":"2025-08-11T08:45:11.746Z"}
{"level":"info","message":{"file":"index.js","function":"requestLogger","ip":"::1","level":"info","message":">>>>> HTTP GET Request recieved at /health URL with payload {}>>>>>","method":"GET","statusCode":200,"timestamp":"2025-08-11T08:45:11.747Z","url":"/health"},"timestamp":"2025-08-11T08:45:11.748Z"}
{"level":"info","message":{"file":"index.js","function":"requestLogger","ip":"::1","level":"info","message":">>>>> HTTP GET Request recieved at /health URL with payload {}>>>>>","method":"GET","statusCode":200,"timestamp":"2025-08-11T08:45:11.748Z","url":"/health"},"timestamp":"2025-08-11T08:45:11.748Z"}
{"level":"info","message":{"file":"91","function":"/health","level":"info","message":"Health check endpoint hit","timestamp":"2025-08-11T08:45:39.135Z"},"timestamp":"2025-08-11T08:45:39.135Z"}
{"level":"info","message":{"file":"index.js","function":"requestLogger","ip":"::1","level":"info","message":">>>>> HTTP GET Request recieved at /health URL with payload {}>>>>>","method":"GET","statusCode":200,"timestamp":"2025-08-11T08:45:39.136Z","url":"/health"},"timestamp":"2025-08-11T08:45:39.136Z"}
{"level":"info","message":{"file":"index.js","function":"requestLogger","ip":"::1","level":"info","message":">>>>> HTTP GET Request recieved at /health URL with payload {}>>>>>","method":"GET","statusCode":200,"timestamp":"2025-08-11T08:45:39.136Z","url":"/health"},"timestamp":"2025-08-11T08:45:39.137Z"}
{"level":"info","message":{"file":"91","function":"/health","level":"info","message":"Health check endpoint hit","timestamp":"2025-08-11T08:46:06.648Z"},"timestamp":"2025-08-11T08:46:06.649Z"}
{"level":"info","message":{"file":"index.js","function":"requestLogger","ip":"::1","level":"info","message":">>>>> HTTP GET Request recieved at /health URL with payload {}>>>>>","method":"GET","statusCode":200,"timestamp":"2025-08-11T08:46:06.650Z","url":"/health"},"timestamp":"2025-08-11T08:46:06.650Z"}
{"level":"info","message":{"file":"index.js","function":"requestLogger","ip":"::1","level":"info","message":">>>>> HTTP GET Request recieved at /health URL with payload {}>>>>>","method":"GET","statusCode":200,"timestamp":"2025-08-11T08:46:06.650Z","url":"/health"},"timestamp":"2025-08-11T08:46:06.651Z"}
{"level":"info","message":{"file":"91","function":"/health","level":"info","message":"Health check endpoint hit","timestamp":"2025-08-11T08:46:34.078Z"},"timestamp":"2025-08-11T08:46:34.078Z"}
{"level":"info","message":{"file":"index.js","function":"requestLogger","ip":"::1","level":"info","message":">>>>> HTTP GET Request recieved at /health URL with payload {}>>>>>","method":"GET","statusCode":200,"timestamp":"2025-08-11T08:46:34.079Z","url":"/health"},"timestamp":"2025-08-11T08:46:34.079Z"}
{"level":"info","message":{"file":"index.js","function":"requestLogger","ip":"::1","level":"info","message":">>>>> HTTP GET Request recieved at /health URL with payload {}>>>>>","method":"GET","statusCode":200,"timestamp":"2025-08-11T08:46:34.079Z","url":"/health"},"timestamp":"2025-08-11T08:46:34.080Z"}
{"level":"info","message":{"file":"91","function":"/health","level":"info","message":"Health check endpoint hit","timestamp":"2025-08-11T08:47:01.635Z"},"timestamp":"2025-08-11T08:47:01.635Z"}
{"level":"info","message":{"file":"index.js","function":"requestLogger","ip":"::1","level":"info","message":">>>>> HTTP GET Request recieved at /health URL with payload {}>>>>>","method":"GET","statusCode":200,"timestamp":"2025-08-11T08:47:01.636Z","url":"/health"},"timestamp":"2025-08-11T08:47:01.637Z"}
{"level":"info","message":{"file":"index.js","function":"requestLogger","ip":"::1","level":"info","message":">>>>> HTTP GET Request recieved at /health URL with payload {}>>>>>","method":"GET","statusCode":200,"timestamp":"2025-08-11T08:47:01.637Z","url":"/health"},"timestamp":"2025-08-11T08:47:01.637Z"}
{"level":"info","message":{"file":"91","function":"/health","level":"info","message":"Health check endpoint hit","timestamp":"2025-08-11T08:47:29.129Z"},"timestamp":"2025-08-11T08:47:29.130Z"}
{"level":"info","message":{"file":"index.js","function":"requestLogger","ip":"::1","level":"info","message":">>>>> HTTP GET Request recieved at /health URL with payload {}>>>>>","method":"GET","statusCode":200,"timestamp":"2025-08-11T08:47:29.136Z","url":"/health"},"timestamp":"2025-08-11T08:47:29.137Z"}
{"level":"info","message":{"file":"index.js","function":"requestLogger","ip":"::1","level":"info","message":">>>>> HTTP GET Request recieved at /health URL with payload {}>>>>>","method":"GET","statusCode":200,"timestamp":"2025-08-11T08:47:29.137Z","url":"/health"},"timestamp":"2025-08-11T08:47:29.137Z"}
{"level":"info","message":{"file":"91","function":"/health","level":"info","message":"Health check endpoint hit","timestamp":"2025-08-11T08:47:56.645Z"},"timestamp":"2025-08-11T08:47:56.645Z"}
{"level":"info","message":{"file":"index.js","function":"requestLogger","ip":"::1","level":"info","message":">>>>> HTTP GET Request recieved at /health URL with payload {}>>>>>","method":"GET","statusCode":200,"timestamp":"2025-08-11T08:47:56.646Z","url":"/health"},"timestamp":"2025-08-11T08:47:56.646Z"}
{"level":"info","message":{"file":"index.js","function":"requestLogger","ip":"::1","level":"info","message":">>>>> HTTP GET Request recieved at /health URL with payload {}>>>>>","method":"GET","statusCode":200,"timestamp":"2025-08-11T08:47:56.646Z","url":"/health"},"timestamp":"2025-08-11T08:47:56.647Z"}
{"level":"error","message":{"error":"Can't reach database server at `user-db:5432`\n\nPlease make sure your database server is running at `user-db:5432`.","file":"database.js","function":"testConnection","level":"error","message":"Failed to connect to database","service":"user-service","timestamp":"2025-08-12T03:04:24.348Z"},"timestamp":"2025-08-12T03:04:24.395Z"}
{"level":"error","message":{"error":"Can't reach database server at `user-db:5432`\n\nPlease make sure your database server is running at `user-db:5432`.","file":"database.js","function":"testConnection","level":"error","message":"Failed to connect to database","service":"user-service","timestamp":"2025-08-12T03:04:31.806Z"},"timestamp":"2025-08-12T03:04:31.811Z"}
{"level":"error","message":{"error":"Can't reach database server at `user-db:5432`\n\nPlease make sure your database server is running at `user-db:5432`.","file":"database.js","function":"testConnection","level":"error","message":"Failed to connect to database","service":"user-service","timestamp":"2025-08-12T03:04:39.863Z"},"timestamp":"2025-08-12T03:04:39.867Z"}
{"level":"error","message":{"error":"Can't reach database server at `user-db:5432`\n\nPlease make sure your database server is running at `user-db:5432`.","file":"database.js","function":"testConnection","level":"error","message":"Failed to connect to database","service":"user-service","timestamp":"2025-08-12T03:04:47.196Z"},"timestamp":"2025-08-12T03:04:47.207Z"}
{"level":"error","message":{"error":"Can't reach database server at `user-db:5432`\n\nPlease make sure your database server is running at `user-db:5432`.","file":"database.js","function":"testConnection","level":"error","message":"Failed to connect to database","service":"user-service","timestamp":"2025-08-12T03:04:54.709Z"},"timestamp":"2025-08-12T03:04:54.714Z"}
{"level":"error","message":{"error":"Can't reach database server at `user-db:5432`\n\nPlease make sure your database server is running at `user-db:5432`.","file":"database.js","function":"testConnection","level":"error","message":"Failed to connect to database","service":"user-service","timestamp":"2025-08-12T03:05:03.057Z"},"timestamp":"2025-08-12T03:05:03.062Z"}
{"level":"error","message":{"error":"Can't reach database server at `user-db:5432`\n\nPlease make sure your database server is running at `user-db:5432`.","file":"database.js","function":"testConnection","level":"error","message":"Failed to connect to database","service":"user-service","timestamp":"2025-08-12T03:05:11.016Z"},"timestamp":"2025-08-12T03:05:11.022Z"}
{"level":"error","message":{"error":"Can't reach database server at `user-db:5432`\n\nPlease make sure your database server is running at `user-db:5432`.","file":"database.js","function":"testConnection","level":"error","message":"Failed to connect to database","service":"user-service","timestamp":"2025-08-12T03:05:22.062Z"},"timestamp":"2025-08-12T03:05:22.065Z"}
{"level":"error","message":{"error":"Can't reach database server at `user-db:5432`\n\nPlease make sure your database server is running at `user-db:5432`.","file":"database.js","function":"testConnection","level":"error","message":"Failed to connect to database","service":"user-service","timestamp":"2025-08-12T03:05:40.802Z"},"timestamp":"2025-08-12T03:05:40.811Z"}
{"level":"error","message":{"error":"Can't reach database server at `user-db:5432`\n\nPlease make sure your database server is running at `user-db:5432`.","file":"database.js","function":"testConnection","level":"error","message":"Failed to connect to database","service":"user-service","timestamp":"2025-08-12T03:06:13.108Z"},"timestamp":"2025-08-12T03:06:13.117Z"}
{"level":"error","message":{"error":"Can't reach database server at `user-db:5432`\n\nPlease make sure your database server is running at `user-db:5432`.","file":"database.js","function":"testConnection","level":"error","message":"Failed to connect to database","service":"user-service","timestamp":"2025-08-12T03:07:14.762Z"},"timestamp":"2025-08-12T03:07:14.770Z"}
{"level":"error","message":{"error":"Can't reach database server at `user-db:5432`\n\nPlease make sure your database server is running at `user-db:5432`.","file":"database.js","function":"testConnection","level":"error","message":"Failed to connect to database","service":"user-service","timestamp":"2025-08-12T03:08:25.381Z"},"timestamp":"2025-08-12T03:08:25.392Z"}
{"level":"error","message":{"error":"Can't reach database server at `user-db:5432`\n\nPlease make sure your database server is running at `user-db:5432`.","file":"database.js","function":"testConnection","level":"error","message":"Failed to connect to database","service":"user-service","timestamp":"2025-08-12T03:08:35.233Z"},"timestamp":"2025-08-12T03:08:35.236Z"}
{"level":"error","message":{"error":"Can't reach database server at `user-db:5432`\n\nPlease make sure your database server is running at `user-db:5432`.","file":"database.js","function":"testConnection","level":"error","message":"Failed to connect to database","service":"user-service","timestamp":"2025-08-12T03:08:42.189Z"},"timestamp":"2025-08-12T03:08:42.193Z"}
{"level":"error","message":{"error":"Can't reach database server at `user-db:5432`\n\nPlease make sure your database server is running at `user-db:5432`.","file":"database.js","function":"testConnection","level":"error","message":"Failed to connect to database","service":"user-service","timestamp":"2025-08-12T03:08:51.093Z"},"timestamp":"2025-08-12T03:08:51.097Z"}
{"level":"error","message":{"error":"Can't reach database server at `user-db:5432`\n\nPlease make sure your database server is running at `user-db:5432`.","file":"database.js","function":"testConnection","level":"error","message":"Failed to connect to database","service":"user-service","timestamp":"2025-08-12T03:09:00.055Z"},"timestamp":"2025-08-12T03:09:00.064Z"}
{"level":"error","message":{"error":"Can't reach database server at `user-db:5432`\n\nPlease make sure your database server is running at `user-db:5432`.","file":"database.js","function":"testConnection","level":"error","message":"Failed to connect to database","service":"user-service","timestamp":"2025-08-12T03:09:08.134Z"},"timestamp":"2025-08-12T03:09:08.147Z"}
{"level":"info","message":{"file":"index.js","function":"gracefulShutdown","level":"info","message":"SIGTERM received, shutting down gracefully","signal":"SIGTERM","timestamp":"2025-08-12T03:09:13.737Z"},"timestamp":"2025-08-12T03:09:13.750Z"}
{"level":"error","message":{"error":"Can't reach database server at `user-db:5432`\n\nPlease make sure your database server is running at `user-db:5432`.","file":"database.js","function":"testConnection","level":"error","message":"Failed to connect to database","service":"user-service","timestamp":"2025-08-12T03:09:17.218Z"},"timestamp":"2025-08-12T03:09:17.219Z"}
{"level":"info","message":{"file":"database.js","function":"testConnection","level":"info","message":"Database connection established successfully","service":"user-service","timestamp":"2025-08-12T03:09:39.215Z"},"timestamp":"2025-08-12T03:09:39.223Z"}
{"level":"info","message":{"environment":"production","file":"index.js","function":"startServer","level":"info","message":"user-service listening on port 3001","port":3001,"service":"user-service","timestamp":"2025-08-12T03:09:39.232Z"},"timestamp":"2025-08-12T03:09:39.233Z"}
{"level":"info","message":{"file":"91","function":"/health","level":"info","message":"Health check endpoint hit","timestamp":"2025-08-12T03:09:43.968Z"},"timestamp":"2025-08-12T03:09:43.969Z"}
{"level":"info","message":{"file":"index.js","function":"requestLogger","ip":"::1","level":"info","message":">>>>> HTTP GET Request recieved at /health URL with payload {}>>>>>","method":"GET","statusCode":200,"timestamp":"2025-08-12T03:09:43.984Z","url":"/health"},"timestamp":"2025-08-12T03:09:43.985Z"}
{"level":"info","message":{"file":"index.js","function":"requestLogger","ip":"::1","level":"info","message":">>>>> HTTP GET Request recieved at /health URL with payload {}>>>>>","method":"GET","statusCode":200,"timestamp":"2025-08-12T03:09:43.986Z","url":"/health"},"timestamp":"2025-08-12T03:09:43.987Z"}
{"level":"info","message":{"file":"91","function":"/health","level":"info","message":"Health check endpoint hit","timestamp":"2025-08-12T03:10:14.141Z"},"timestamp":"2025-08-12T03:10:14.145Z"}
{"level":"info","message":{"file":"index.js","function":"requestLogger","ip":"::1","level":"info","message":">>>>> HTTP GET Request recieved at /health URL with payload {}>>>>>","method":"GET","statusCode":200,"timestamp":"2025-08-12T03:10:14.148Z","url":"/health"},"timestamp":"2025-08-12T03:10:14.149Z"}
{"level":"info","message":{"file":"index.js","function":"requestLogger","ip":"::1","level":"info","message":">>>>> HTTP GET Request recieved at /health URL with payload {}>>>>>","method":"GET","statusCode":200,"timestamp":"2025-08-12T03:10:14.149Z","url":"/health"},"timestamp":"2025-08-12T03:10:14.150Z"}
{"level":"info","message":{"file":"91","function":"/health","level":"info","message":"Health check endpoint hit","timestamp":"2025-08-12T03:10:44.259Z"},"timestamp":"2025-08-12T03:10:44.260Z"}
{"level":"info","message":{"file":"index.js","function":"requestLogger","ip":"::1","level":"info","message":">>>>> HTTP GET Request recieved at /health URL with payload {}>>>>>","method":"GET","statusCode":200,"timestamp":"2025-08-12T03:10:44.261Z","url":"/health"},"timestamp":"2025-08-12T03:10:44.261Z"}
{"level":"info","message":{"file":"index.js","function":"requestLogger","ip":"::1","level":"info","message":">>>>> HTTP GET Request recieved at /health URL with payload {}>>>>>","method":"GET","statusCode":200,"timestamp":"2025-08-12T03:10:44.261Z","url":"/health"},"timestamp":"2025-08-12T03:10:44.262Z"}
{"level":"info","message":{"file":"91","function":"/health","level":"info","message":"Health check endpoint hit","timestamp":"2025-08-12T03:11:14.386Z"},"timestamp":"2025-08-12T03:11:14.386Z"}
{"level":"info","message":{"file":"index.js","function":"requestLogger","ip":"::1","level":"info","message":">>>>> HTTP GET Request recieved at /health URL with payload {}>>>>>","method":"GET","statusCode":200,"timestamp":"2025-08-12T03:11:14.387Z","url":"/health"},"timestamp":"2025-08-12T03:11:14.387Z"}
{"level":"info","message":{"file":"index.js","function":"requestLogger","ip":"::1","level":"info","message":">>>>> HTTP GET Request recieved at /health URL with payload {}>>>>>","method":"GET","statusCode":200,"timestamp":"2025-08-12T03:11:14.387Z","url":"/health"},"timestamp":"2025-08-12T03:11:14.388Z"}
{"level":"info","message":{"file":"91","function":"/health","level":"info","message":"Health check endpoint hit","timestamp":"2025-08-12T03:11:44.495Z"},"timestamp":"2025-08-12T03:11:44.495Z"}
{"level":"info","message":{"file":"index.js","function":"requestLogger","ip":"::1","level":"info","message":">>>>> HTTP GET Request recieved at /health URL with payload {}>>>>>","method":"GET","statusCode":200,"timestamp":"2025-08-12T03:11:44.496Z","url":"/health"},"timestamp":"2025-08-12T03:11:44.496Z"}
{"level":"info","message":{"file":"index.js","function":"requestLogger","ip":"::1","level":"info","message":">>>>> HTTP GET Request recieved at /health URL with payload {}>>>>>","method":"GET","statusCode":200,"timestamp":"2025-08-12T03:11:44.497Z","url":"/health"},"timestamp":"2025-08-12T03:11:44.497Z"}
{"level":"info","message":{"file":"91","function":"/health","level":"info","message":"Health check endpoint hit","timestamp":"2025-08-12T03:12:14.716Z"},"timestamp":"2025-08-12T03:12:14.717Z"}
{"level":"info","message":{"file":"index.js","function":"requestLogger","ip":"::1","level":"info","message":">>>>> HTTP GET Request recieved at /health URL with payload {}>>>>>","method":"GET","statusCode":200,"timestamp":"2025-08-12T03:12:14.718Z","url":"/health"},"timestamp":"2025-08-12T03:12:14.718Z"}
{"level":"info","message":{"file":"index.js","function":"requestLogger","ip":"::1","level":"info","message":">>>>> HTTP GET Request recieved at /health URL with payload {}>>>>>","method":"GET","statusCode":200,"timestamp":"2025-08-12T03:12:14.718Z","url":"/health"},"timestamp":"2025-08-12T03:12:14.719Z"}
{"level":"info","message":{"file":"91","function":"/health","level":"info","message":"Health check endpoint hit","timestamp":"2025-08-12T03:12:44.835Z"},"timestamp":"2025-08-12T03:12:44.835Z"}
{"level":"info","message":{"file":"index.js","function":"requestLogger","ip":"::1","level":"info","message":">>>>> HTTP GET Request recieved at /health URL with payload {}>>>>>","method":"GET","statusCode":200,"timestamp":"2025-08-12T03:12:44.836Z","url":"/health"},"timestamp":"2025-08-12T03:12:44.836Z"}
{"level":"info","message":{"file":"index.js","function":"requestLogger","ip":"::1","level":"info","message":">>>>> HTTP GET Request recieved at /health URL with payload {}>>>>>","method":"GET","statusCode":200,"timestamp":"2025-08-12T03:12:44.837Z","url":"/health"},"timestamp":"2025-08-12T03:12:44.837Z"}
{"level":"info","message":{"file":"91","function":"/health","level":"info","message":"Health check endpoint hit","timestamp":"2025-08-12T03:13:14.937Z"},"timestamp":"2025-08-12T03:13:14.937Z"}
{"level":"info","message":{"file":"index.js","function":"requestLogger","ip":"::1","level":"info","message":">>>>> HTTP GET Request recieved at /health URL with payload {}>>>>>","method":"GET","statusCode":200,"timestamp":"2025-08-12T03:13:14.938Z","url":"/health"},"timestamp":"2025-08-12T03:13:14.938Z"}
{"level":"info","message":{"file":"index.js","function":"requestLogger","ip":"::1","level":"info","message":">>>>> HTTP GET Request recieved at /health URL with payload {}>>>>>","method":"GET","statusCode":200,"timestamp":"2025-08-12T03:13:14.938Z","url":"/health"},"timestamp":"2025-08-12T03:13:14.939Z"}
{"level":"info","message":{"file":"91","function":"/health","level":"info","message":"Health check endpoint hit","timestamp":"2025-08-12T03:13:45.130Z"},"timestamp":"2025-08-12T03:13:45.131Z"}
{"level":"info","message":{"file":"index.js","function":"requestLogger","ip":"::1","level":"info","message":">>>>> HTTP GET Request recieved at /health URL with payload {}>>>>>","method":"GET","statusCode":200,"timestamp":"2025-08-12T03:13:45.136Z","url":"/health"},"timestamp":"2025-08-12T03:13:45.136Z"}
{"level":"info","message":{"file":"index.js","function":"requestLogger","ip":"::1","level":"info","message":">>>>> HTTP GET Request recieved at /health URL with payload {}>>>>>","method":"GET","statusCode":200,"timestamp":"2025-08-12T03:13:45.136Z","url":"/health"},"timestamp":"2025-08-12T03:13:45.137Z"}
{"level":"info","message":{"file":"91","function":"/health","level":"info","message":"Health check endpoint hit","timestamp":"2025-08-12T03:14:15.409Z"},"timestamp":"2025-08-12T03:14:15.410Z"}
{"level":"info","message":{"file":"index.js","function":"requestLogger","ip":"::1","level":"info","message":">>>>> HTTP GET Request recieved at /health URL with payload {}>>>>>","method":"GET","statusCode":200,"timestamp":"2025-08-12T03:14:15.413Z","url":"/health"},"timestamp":"2025-08-12T03:14:15.413Z"}
{"level":"info","message":{"file":"index.js","function":"requestLogger","ip":"::1","level":"info","message":">>>>> HTTP GET Request recieved at /health URL with payload {}>>>>>","method":"GET","statusCode":200,"timestamp":"2025-08-12T03:14:15.413Z","url":"/health"},"timestamp":"2025-08-12T03:14:15.414Z"}
{"level":"info","message":{"file":"91","function":"/health","level":"info","message":"Health check endpoint hit","timestamp":"2025-08-12T03:14:45.540Z"},"timestamp":"2025-08-12T03:14:45.541Z"}
{"level":"info","message":{"file":"index.js","function":"requestLogger","ip":"::1","level":"info","message":">>>>> HTTP GET Request recieved at /health URL with payload {}>>>>>","method":"GET","statusCode":200,"timestamp":"2025-08-12T03:14:45.542Z","url":"/health"},"timestamp":"2025-08-12T03:14:45.542Z"}
{"level":"info","message":{"file":"index.js","function":"requestLogger","ip":"::1","level":"info","message":">>>>> HTTP GET Request recieved at /health URL with payload {}>>>>>","method":"GET","statusCode":200,"timestamp":"2025-08-12T03:14:45.542Z","url":"/health"},"timestamp":"2025-08-12T03:14:45.542Z"}
{"level":"info","message":{"file":"91","function":"/health","level":"info","message":"Health check endpoint hit","timestamp":"2025-08-12T03:15:15.841Z"},"timestamp":"2025-08-12T03:15:15.842Z"}
{"level":"info","message":{"file":"index.js","function":"requestLogger","ip":"::1","level":"info","message":">>>>> HTTP GET Request recieved at /health URL with payload {}>>>>>","method":"GET","statusCode":200,"timestamp":"2025-08-12T03:15:15.847Z","url":"/health"},"timestamp":"2025-08-12T03:15:15.847Z"}
{"level":"info","message":{"file":"index.js","function":"requestLogger","ip":"::1","level":"info","message":">>>>> HTTP GET Request recieved at /health URL with payload {}>>>>>","method":"GET","statusCode":200,"timestamp":"2025-08-12T03:15:15.847Z","url":"/health"},"timestamp":"2025-08-12T03:15:15.848Z"}
{"level":"info","message":{"file":"91","function":"/health","level":"info","message":"Health check endpoint hit","timestamp":"2025-08-12T03:15:45.965Z"},"timestamp":"2025-08-12T03:15:45.966Z"}
{"level":"info","message":{"file":"index.js","function":"requestLogger","ip":"::1","level":"info","message":">>>>> HTTP GET Request recieved at /health URL with payload {}>>>>>","method":"GET","statusCode":200,"timestamp":"2025-08-12T03:15:45.966Z","url":"/health"},"timestamp":"2025-08-12T03:15:45.967Z"}
{"level":"info","message":{"file":"index.js","function":"requestLogger","ip":"::1","level":"info","message":">>>>> HTTP GET Request recieved at /health URL with payload {}>>>>>","method":"GET","statusCode":200,"timestamp":"2025-08-12T03:15:45.967Z","url":"/health"},"timestamp":"2025-08-12T03:15:45.967Z"}
{"level":"info","message":{"file":"91","function":"/health","level":"info","message":"Health check endpoint hit","timestamp":"2025-08-12T03:16:16.476Z"},"timestamp":"2025-08-12T03:16:16.477Z"}
{"level":"info","message":{"file":"index.js","function":"requestLogger","ip":"::1","level":"info","message":">>>>> HTTP GET Request recieved at /health URL with payload {}>>>>>","method":"GET","statusCode":200,"timestamp":"2025-08-12T03:16:16.479Z","url":"/health"},"timestamp":"2025-08-12T03:16:16.479Z"}
{"level":"info","message":{"file":"index.js","function":"requestLogger","ip":"::1","level":"info","message":">>>>> HTTP GET Request recieved at /health URL with payload {}>>>>>","method":"GET","statusCode":200,"timestamp":"2025-08-12T03:16:16.479Z","url":"/health"},"timestamp":"2025-08-12T03:16:16.479Z"}
{"level":"info","message":{"file":"91","function":"/health","level":"info","message":"Health check endpoint hit","timestamp":"2025-08-12T03:16:46.642Z"},"timestamp":"2025-08-12T03:16:46.642Z"}
{"level":"info","message":{"file":"index.js","function":"requestLogger","ip":"::1","level":"info","message":">>>>> HTTP GET Request recieved at /health URL with payload {}>>>>>","method":"GET","statusCode":200,"timestamp":"2025-08-12T03:16:46.643Z","url":"/health"},"timestamp":"2025-08-12T03:16:46.644Z"}
{"level":"info","message":{"file":"index.js","function":"requestLogger","ip":"::1","level":"info","message":">>>>> HTTP GET Request recieved at /health URL with payload {}>>>>>","method":"GET","statusCode":200,"timestamp":"2025-08-12T03:16:46.644Z","url":"/health"},"timestamp":"2025-08-12T03:16:46.644Z"}
{"level":"info","message":{"file":"91","function":"/health","level":"info","message":"Health check endpoint hit","timestamp":"2025-08-12T03:17:16.812Z"},"timestamp":"2025-08-12T03:17:16.812Z"}
{"level":"info","message":{"file":"index.js","function":"requestLogger","ip":"::1","level":"info","message":">>>>> HTTP GET Request recieved at /health URL with payload {}>>>>>","method":"GET","statusCode":200,"timestamp":"2025-08-12T03:17:16.813Z","url":"/health"},"timestamp":"2025-08-12T03:17:16.813Z"}
{"level":"info","message":{"file":"index.js","function":"requestLogger","ip":"::1","level":"info","message":">>>>> HTTP GET Request recieved at /health URL with payload {}>>>>>","method":"GET","statusCode":200,"timestamp":"2025-08-12T03:17:16.813Z","url":"/health"},"timestamp":"2025-08-12T03:17:16.814Z"}
{"level":"info","message":{"file":"91","function":"/health","level":"info","message":"Health check endpoint hit","timestamp":"2025-08-12T03:17:46.938Z"},"timestamp":"2025-08-12T03:17:46.938Z"}
{"level":"info","message":{"file":"index.js","function":"requestLogger","ip":"::1","level":"info","message":">>>>> HTTP GET Request recieved at /health URL with payload {}>>>>>","method":"GET","statusCode":200,"timestamp":"2025-08-12T03:17:46.939Z","url":"/health"},"timestamp":"2025-08-12T03:17:46.939Z"}
{"level":"info","message":{"file":"index.js","function":"requestLogger","ip":"::1","level":"info","message":">>>>> HTTP GET Request recieved at /health URL with payload {}>>>>>","method":"GET","statusCode":200,"timestamp":"2025-08-12T03:17:46.939Z","url":"/health"},"timestamp":"2025-08-12T03:17:46.940Z"}
{"level":"info","message":{"file":"91","function":"/health","level":"info","message":"Health check endpoint hit","timestamp":"2025-08-12T03:18:17.065Z"},"timestamp":"2025-08-12T03:18:17.065Z"}
{"level":"info","message":{"file":"index.js","function":"requestLogger","ip":"::1","level":"info","message":">>>>> HTTP GET Request recieved at /health URL with payload {}>>>>>","method":"GET","statusCode":200,"timestamp":"2025-08-12T03:18:17.067Z","url":"/health"},"timestamp":"2025-08-12T03:18:17.067Z"}
{"level":"info","message":{"file":"index.js","function":"requestLogger","ip":"::1","level":"info","message":">>>>> HTTP GET Request recieved at /health URL with payload {}>>>>>","method":"GET","statusCode":200,"timestamp":"2025-08-12T03:18:17.067Z","url":"/health"},"timestamp":"2025-08-12T03:18:17.067Z"}
{"level":"info","message":{"file":"index.js","function":"gracefulShutdown","level":"info","message":"SIGTERM received, shutting down gracefully","signal":"SIGTERM","timestamp":"2025-08-12T03:18:21.564Z"},"timestamp":"2025-08-12T03:18:21.565Z"}
{"level":"info","message":{"file":"database.js","function":"disconnect","level":"info","message":"Database connection closed gracefully","service":"user-service","timestamp":"2025-08-12T03:18:21.582Z"},"timestamp":"2025-08-12T03:18:21.583Z"}
{"level":"info","message":{"file":"database.js","function":"testConnection","level":"info","message":"Database connection established successfully","service":"user-service","timestamp":"2025-08-12T05:09:35.024Z"},"timestamp":"2025-08-12T05:09:35.027Z"}
{"level":"info","message":{"environment":"production","file":"index.js","function":"startServer","level":"info","message":"user-service listening on port 3001","port":3001,"service":"user-service","timestamp":"2025-08-12T05:09:35.030Z"},"timestamp":"2025-08-12T05:09:35.031Z"}
{"level":"info","message":{"file":"91","function":"/health","level":"info","message":"Health check endpoint hit","timestamp":"2025-08-12T05:09:35.241Z"},"timestamp":"2025-08-12T05:09:35.241Z"}
{"level":"info","message":{"file":"index.js","function":"requestLogger","ip":"::1","level":"info","message":">>>>> HTTP GET Request recieved at /health URL with payload {}>>>>>","method":"GET","statusCode":200,"timestamp":"2025-08-12T05:09:35.246Z","url":"/health"},"timestamp":"2025-08-12T05:09:35.246Z"}
{"level":"info","message":{"file":"index.js","function":"requestLogger","ip":"::1","level":"info","message":">>>>> HTTP GET Request recieved at /health URL with payload {}>>>>>","method":"GET","statusCode":200,"timestamp":"2025-08-12T05:09:35.247Z","url":"/health"},"timestamp":"2025-08-12T05:09:35.247Z"}
{"level":"info","message":{"file":"91","function":"/health","level":"info","message":"Health check endpoint hit","timestamp":"2025-08-12T05:09:40.682Z"},"timestamp":"2025-08-12T05:09:40.683Z"}
{"level":"info","message":{"file":"index.js","function":"requestLogger","ip":"::ffff:172.21.0.6","level":"info","message":">>>>> HTTP GET Request recieved at /health URL with payload {}>>>>>","method":"GET","statusCode":200,"timestamp":"2025-08-12T05:09:40.685Z","url":"/health"},"timestamp":"2025-08-12T05:09:40.685Z"}
{"level":"info","message":{"file":"index.js","function":"requestLogger","ip":"::ffff:172.21.0.6","level":"info","message":">>>>> HTTP GET Request recieved at /health URL with payload {}>>>>>","method":"GET","statusCode":200,"timestamp":"2025-08-12T05:09:40.686Z","url":"/health"},"timestamp":"2025-08-12T05:09:40.687Z"}
{"level":"info","message":{"file":"91","function":"/health","level":"info","message":"Health check endpoint hit","timestamp":"2025-08-12T05:10:06.431Z"},"timestamp":"2025-08-12T05:10:06.433Z"}
{"level":"info","message":{"file":"index.js","function":"requestLogger","ip":"::1","level":"info","message":">>>>> HTTP GET Request recieved at /health URL with payload {}>>>>>","method":"GET","statusCode":200,"timestamp":"2025-08-12T05:10:06.435Z","url":"/health"},"timestamp":"2025-08-12T05:10:06.436Z"}
{"level":"info","message":{"file":"index.js","function":"requestLogger","ip":"::1","level":"info","message":">>>>> HTTP GET Request recieved at /health URL with payload {}>>>>>","method":"GET","statusCode":200,"timestamp":"2025-08-12T05:10:06.436Z","url":"/health"},"timestamp":"2025-08-12T05:10:06.436Z"}
{"level":"info","message":{"file":"91","function":"/health","level":"info","message":"Health check endpoint hit","timestamp":"2025-08-12T05:10:37.599Z"},"timestamp":"2025-08-12T05:10:37.600Z"}
{"level":"info","message":{"file":"index.js","function":"requestLogger","ip":"::1","level":"info","message":">>>>> HTTP GET Request recieved at /health URL with payload {}>>>>>","method":"GET","statusCode":200,"timestamp":"2025-08-12T05:10:37.602Z","url":"/health"},"timestamp":"2025-08-12T05:10:37.602Z"}
{"level":"info","message":{"file":"index.js","function":"requestLogger","ip":"::1","level":"info","message":">>>>> HTTP GET Request recieved at /health URL with payload {}>>>>>","method":"GET","statusCode":200,"timestamp":"2025-08-12T05:10:37.602Z","url":"/health"},"timestamp":"2025-08-12T05:10:37.603Z"}
{"level":"info","message":{"file":"91","function":"/health","level":"info","message":"Health check endpoint hit","timestamp":"2025-08-12T05:11:08.687Z"},"timestamp":"2025-08-12T05:11:08.688Z"}
{"level":"info","message":{"file":"index.js","function":"requestLogger","ip":"::1","level":"info","message":">>>>> HTTP GET Request recieved at /health URL with payload {}>>>>>","method":"GET","statusCode":200,"timestamp":"2025-08-12T05:11:08.689Z","url":"/health"},"timestamp":"2025-08-12T05:11:08.689Z"}
{"level":"info","message":{"file":"index.js","function":"requestLogger","ip":"::1","level":"info","message":">>>>> HTTP GET Request recieved at /health URL with payload {}>>>>>","method":"GET","statusCode":200,"timestamp":"2025-08-12T05:11:08.690Z","url":"/health"},"timestamp":"2025-08-12T05:11:08.690Z"}
{"level":"info","message":{"file":"91","function":"/health","level":"info","message":"Health check endpoint hit","timestamp":"2025-08-12T05:11:39.918Z"},"timestamp":"2025-08-12T05:11:39.919Z"}
{"level":"info","message":{"file":"index.js","function":"requestLogger","ip":"::1","level":"info","message":">>>>> HTTP GET Request recieved at /health URL with payload {}>>>>>","method":"GET","statusCode":200,"timestamp":"2025-08-12T05:11:39.920Z","url":"/health"},"timestamp":"2025-08-12T05:11:39.920Z"}
{"level":"info","message":{"file":"index.js","function":"requestLogger","ip":"::1","level":"info","message":">>>>> HTTP GET Request recieved at /health URL with payload {}>>>>>","method":"GET","statusCode":200,"timestamp":"2025-08-12T05:11:39.920Z","url":"/health"},"timestamp":"2025-08-12T05:11:39.920Z"}
{"level":"info","message":{"file":"91","function":"/health","level":"info","message":"Health check endpoint hit","timestamp":"2025-08-12T05:12:11.093Z"},"timestamp":"2025-08-12T05:12:11.093Z"}
{"level":"info","message":{"file":"index.js","function":"requestLogger","ip":"::1","level":"info","message":">>>>> HTTP GET Request recieved at /health URL with payload {}>>>>>","method":"GET","statusCode":200,"timestamp":"2025-08-12T05:12:11.094Z","url":"/health"},"timestamp":"2025-08-12T05:12:11.094Z"}
{"level":"info","message":{"file":"index.js","function":"requestLogger","ip":"::1","level":"info","message":">>>>> HTTP GET Request recieved at /health URL with payload {}>>>>>","method":"GET","statusCode":200,"timestamp":"2025-08-12T05:12:11.094Z","url":"/health"},"timestamp":"2025-08-12T05:12:11.094Z"}
{"level":"info","message":{"file":"91","function":"/health","level":"info","message":"Health check endpoint hit","timestamp":"2025-08-12T05:12:42.298Z"},"timestamp":"2025-08-12T05:12:42.298Z"}
{"level":"info","message":{"file":"index.js","function":"requestLogger","ip":"::1","level":"info","message":">>>>> HTTP GET Request recieved at /health URL with payload {}>>>>>","method":"GET","statusCode":200,"timestamp":"2025-08-12T05:12:42.299Z","url":"/health"},"timestamp":"2025-08-12T05:12:42.299Z"}
{"level":"info","message":{"file":"index.js","function":"requestLogger","ip":"::1","level":"info","message":">>>>> HTTP GET Request recieved at /health URL with payload {}>>>>>","method":"GET","statusCode":200,"timestamp":"2025-08-12T05:12:42.299Z","url":"/health"},"timestamp":"2025-08-12T05:12:42.300Z"}
{"level":"info","message":{"file":"91","function":"/health","level":"info","message":"Health check endpoint hit","timestamp":"2025-08-12T05:13:13.484Z"},"timestamp":"2025-08-12T05:13:13.485Z"}
{"level":"info","message":{"file":"index.js","function":"requestLogger","ip":"::1","level":"info","message":">>>>> HTTP GET Request recieved at /health URL with payload {}>>>>>","method":"GET","statusCode":200,"timestamp":"2025-08-12T05:13:13.486Z","url":"/health"},"timestamp":"2025-08-12T05:13:13.487Z"}
{"level":"info","message":{"file":"index.js","function":"requestLogger","ip":"::1","level":"info","message":">>>>> HTTP GET Request recieved at /health URL with payload {}>>>>>","method":"GET","statusCode":200,"timestamp":"2025-08-12T05:13:13.487Z","url":"/health"},"timestamp":"2025-08-12T05:13:13.487Z"}
{"level":"info","message":{"file":"91","function":"/health","level":"info","message":"Health check endpoint hit","timestamp":"2025-08-12T05:13:44.677Z"},"timestamp":"2025-08-12T05:13:44.678Z"}
{"level":"info","message":{"file":"index.js","function":"requestLogger","ip":"::1","level":"info","message":">>>>> HTTP GET Request recieved at /health URL with payload {}>>>>>","method":"GET","statusCode":200,"timestamp":"2025-08-12T05:13:44.679Z","url":"/health"},"timestamp":"2025-08-12T05:13:44.679Z"}
{"level":"info","message":{"file":"index.js","function":"requestLogger","ip":"::1","level":"info","message":">>>>> HTTP GET Request recieved at /health URL with payload {}>>>>>","method":"GET","statusCode":200,"timestamp":"2025-08-12T05:13:44.679Z","url":"/health"},"timestamp":"2025-08-12T05:13:44.679Z"}
{"level":"info","message":{"file":"91","function":"/health","level":"info","message":"Health check endpoint hit","timestamp":"2025-08-12T05:14:16.015Z"},"timestamp":"2025-08-12T05:14:16.015Z"}
{"level":"info","message":{"file":"index.js","function":"requestLogger","ip":"::1","level":"info","message":">>>>> HTTP GET Request recieved at /health URL with payload {}>>>>>","method":"GET","statusCode":200,"timestamp":"2025-08-12T05:14:16.017Z","url":"/health"},"timestamp":"2025-08-12T05:14:16.018Z"}
{"level":"info","message":{"file":"index.js","function":"requestLogger","ip":"::1","level":"info","message":">>>>> HTTP GET Request recieved at /health URL with payload {}>>>>>","method":"GET","statusCode":200,"timestamp":"2025-08-12T05:14:16.018Z","url":"/health"},"timestamp":"2025-08-12T05:14:16.018Z"}
{"level":"info","message":{"file":"91","function":"/health","level":"info","message":"Health check endpoint hit","timestamp":"2025-08-12T05:14:47.351Z"},"timestamp":"2025-08-12T05:14:47.352Z"}
{"level":"info","message":{"file":"index.js","function":"requestLogger","ip":"::1","level":"info","message":">>>>> HTTP GET Request recieved at /health URL with payload {}>>>>>","method":"GET","statusCode":200,"timestamp":"2025-08-12T05:14:47.353Z","url":"/health"},"timestamp":"2025-08-12T05:14:47.354Z"}
{"level":"info","message":{"file":"index.js","function":"requestLogger","ip":"::1","level":"info","message":">>>>> HTTP GET Request recieved at /health URL with payload {}>>>>>","method":"GET","statusCode":200,"timestamp":"2025-08-12T05:14:47.354Z","url":"/health"},"timestamp":"2025-08-12T05:14:47.355Z"}
{"level":"info","message":{"file":"91","function":"/health","level":"info","message":"Health check endpoint hit","timestamp":"2025-08-12T05:15:18.438Z"},"timestamp":"2025-08-12T05:15:18.438Z"}
{"level":"info","message":{"file":"index.js","function":"requestLogger","ip":"::1","level":"info","message":">>>>> HTTP GET Request recieved at /health URL with payload {}>>>>>","method":"GET","statusCode":200,"timestamp":"2025-08-12T05:15:18.439Z","url":"/health"},"timestamp":"2025-08-12T05:15:18.439Z"}
{"level":"info","message":{"file":"index.js","function":"requestLogger","ip":"::1","level":"info","message":">>>>> HTTP GET Request recieved at /health URL with payload {}>>>>>","method":"GET","statusCode":200,"timestamp":"2025-08-12T05:15:18.439Z","url":"/health"},"timestamp":"2025-08-12T05:15:18.440Z"}
{"level":"info","message":{"file":"91","function":"/health","level":"info","message":"Health check endpoint hit","timestamp":"2025-08-12T05:15:49.541Z"},"timestamp":"2025-08-12T05:15:49.541Z"}
{"level":"info","message":{"file":"index.js","function":"requestLogger","ip":"::1","level":"info","message":">>>>> HTTP GET Request recieved at /health URL with payload {}>>>>>","method":"GET","statusCode":200,"timestamp":"2025-08-12T05:15:49.542Z","url":"/health"},"timestamp":"2025-08-12T05:15:49.542Z"}
{"level":"info","message":{"file":"index.js","function":"requestLogger","ip":"::1","level":"info","message":">>>>> HTTP GET Request recieved at /health URL with payload {}>>>>>","method":"GET","statusCode":200,"timestamp":"2025-08-12T05:15:49.543Z","url":"/health"},"timestamp":"2025-08-12T05:15:49.543Z"}
{"level":"info","message":{"file":"91","function":"/health","level":"info","message":"Health check endpoint hit","timestamp":"2025-08-12T05:16:20.752Z"},"timestamp":"2025-08-12T05:16:20.752Z"}
{"level":"info","message":{"file":"index.js","function":"requestLogger","ip":"::1","level":"info","message":">>>>> HTTP GET Request recieved at /health URL with payload {}>>>>>","method":"GET","statusCode":200,"timestamp":"2025-08-12T05:16:20.753Z","url":"/health"},"timestamp":"2025-08-12T05:16:20.753Z"}
{"level":"info","message":{"file":"index.js","function":"requestLogger","ip":"::1","level":"info","message":">>>>> HTTP GET Request recieved at /health URL with payload {}>>>>>","method":"GET","statusCode":200,"timestamp":"2025-08-12T05:16:20.753Z","url":"/health"},"timestamp":"2025-08-12T05:16:20.753Z"}
{"level":"info","message":{"file":"91","function":"/health","level":"info","message":"Health check endpoint hit","timestamp":"2025-08-12T05:16:51.966Z"},"timestamp":"2025-08-12T05:16:51.966Z"}
{"level":"info","message":{"file":"index.js","function":"requestLogger","ip":"::1","level":"info","message":">>>>> HTTP GET Request recieved at /health URL with payload {}>>>>>","method":"GET","statusCode":200,"timestamp":"2025-08-12T05:16:51.967Z","url":"/health"},"timestamp":"2025-08-12T05:16:51.967Z"}
{"level":"info","message":{"file":"index.js","function":"requestLogger","ip":"::1","level":"info","message":">>>>> HTTP GET Request recieved at /health URL with payload {}>>>>>","method":"GET","statusCode":200,"timestamp":"2025-08-12T05:16:51.967Z","url":"/health"},"timestamp":"2025-08-12T05:16:51.968Z"}
{"level":"info","message":{"file":"91","function":"/health","level":"info","message":"Health check endpoint hit","timestamp":"2025-08-12T05:17:23.040Z"},"timestamp":"2025-08-12T05:17:23.041Z"}
{"level":"info","message":{"file":"index.js","function":"requestLogger","ip":"::1","level":"info","message":">>>>> HTTP GET Request recieved at /health URL with payload {}>>>>>","method":"GET","statusCode":200,"timestamp":"2025-08-12T05:17:23.042Z","url":"/health"},"timestamp":"2025-08-12T05:17:23.042Z"}
{"level":"info","message":{"file":"index.js","function":"requestLogger","ip":"::1","level":"info","message":">>>>> HTTP GET Request recieved at /health URL with payload {}>>>>>","method":"GET","statusCode":200,"timestamp":"2025-08-12T05:17:23.042Z","url":"/health"},"timestamp":"2025-08-12T05:17:23.042Z"}
{"level":"info","message":{"file":"91","function":"/health","level":"info","message":"Health check endpoint hit","timestamp":"2025-08-12T05:17:54.283Z"},"timestamp":"2025-08-12T05:17:54.284Z"}
{"level":"info","message":{"file":"index.js","function":"requestLogger","ip":"::1","level":"info","message":">>>>> HTTP GET Request recieved at /health URL with payload {}>>>>>","method":"GET","statusCode":200,"timestamp":"2025-08-12T05:17:54.285Z","url":"/health"},"timestamp":"2025-08-12T05:17:54.286Z"}
{"level":"info","message":{"file":"index.js","function":"requestLogger","ip":"::1","level":"info","message":">>>>> HTTP GET Request recieved at /health URL with payload {}>>>>>","method":"GET","statusCode":200,"timestamp":"2025-08-12T05:17:54.286Z","url":"/health"},"timestamp":"2025-08-12T05:17:54.286Z"}
{"level":"info","message":{"file":"91","function":"/health","level":"info","message":"Health check endpoint hit","timestamp":"2025-08-12T05:18:25.758Z"},"timestamp":"2025-08-12T05:18:25.759Z"}
{"level":"info","message":{"file":"index.js","function":"requestLogger","ip":"::1","level":"info","message":">>>>> HTTP GET Request recieved at /health URL with payload {}>>>>>","method":"GET","statusCode":200,"timestamp":"2025-08-12T05:18:25.760Z","url":"/health"},"timestamp":"2025-08-12T05:18:25.760Z"}
{"level":"info","message":{"file":"index.js","function":"requestLogger","ip":"::1","level":"info","message":">>>>> HTTP GET Request recieved at /health URL with payload {}>>>>>","method":"GET","statusCode":200,"timestamp":"2025-08-12T05:18:25.760Z","url":"/health"},"timestamp":"2025-08-12T05:18:25.760Z"}
{"level":"info","message":{"file":"91","function":"/health","level":"info","message":"Health check endpoint hit","timestamp":"2025-08-12T05:18:56.890Z"},"timestamp":"2025-08-12T05:18:56.891Z"}
{"level":"info","message":{"file":"index.js","function":"requestLogger","ip":"::1","level":"info","message":">>>>> HTTP GET Request recieved at /health URL with payload {}>>>>>","method":"GET","statusCode":200,"timestamp":"2025-08-12T05:18:56.891Z","url":"/health"},"timestamp":"2025-08-12T05:18:56.892Z"}
{"level":"info","message":{"file":"index.js","function":"requestLogger","ip":"::1","level":"info","message":">>>>> HTTP GET Request recieved at /health URL with payload {}>>>>>","method":"GET","statusCode":200,"timestamp":"2025-08-12T05:18:56.892Z","url":"/health"},"timestamp":"2025-08-12T05:18:56.892Z"}
{"level":"info","message":{"file":"91","function":"/health","level":"info","message":"Health check endpoint hit","timestamp":"2025-08-12T05:19:28.058Z"},"timestamp":"2025-08-12T05:19:28.058Z"}
{"level":"info","message":{"file":"index.js","function":"requestLogger","ip":"::1","level":"info","message":">>>>> HTTP GET Request recieved at /health URL with payload {}>>>>>","method":"GET","statusCode":200,"timestamp":"2025-08-12T05:19:28.059Z","url":"/health"},"timestamp":"2025-08-12T05:19:28.059Z"}
{"level":"info","message":{"file":"index.js","function":"requestLogger","ip":"::1","level":"info","message":">>>>> HTTP GET Request recieved at /health URL with payload {}>>>>>","method":"GET","statusCode":200,"timestamp":"2025-08-12T05:19:28.059Z","url":"/health"},"timestamp":"2025-08-12T05:19:28.059Z"}
{"level":"info","message":{"file":"91","function":"/health","level":"info","message":"Health check endpoint hit","timestamp":"2025-08-12T05:19:59.270Z"},"timestamp":"2025-08-12T05:19:59.270Z"}
{"level":"info","message":{"file":"index.js","function":"requestLogger","ip":"::1","level":"info","message":">>>>> HTTP GET Request recieved at /health URL with payload {}>>>>>","method":"GET","statusCode":200,"timestamp":"2025-08-12T05:19:59.271Z","url":"/health"},"timestamp":"2025-08-12T05:19:59.271Z"}
{"level":"info","message":{"file":"index.js","function":"requestLogger","ip":"::1","level":"info","message":">>>>> HTTP GET Request recieved at /health URL with payload {}>>>>>","method":"GET","statusCode":200,"timestamp":"2025-08-12T05:19:59.271Z","url":"/health"},"timestamp":"2025-08-12T05:19:59.272Z"}
{"level":"info","message":{"file":"91","function":"/health","level":"info","message":"Health check endpoint hit","timestamp":"2025-08-12T05:20:30.822Z"},"timestamp":"2025-08-12T05:20:30.822Z"}
{"level":"info","message":{"file":"index.js","function":"requestLogger","ip":"::1","level":"info","message":">>>>> HTTP GET Request recieved at /health URL with payload {}>>>>>","method":"GET","statusCode":200,"timestamp":"2025-08-12T05:20:30.823Z","url":"/health"},"timestamp":"2025-08-12T05:20:30.823Z"}
{"level":"info","message":{"file":"index.js","function":"requestLogger","ip":"::1","level":"info","message":">>>>> HTTP GET Request recieved at /health URL with payload {}>>>>>","method":"GET","statusCode":200,"timestamp":"2025-08-12T05:20:30.823Z","url":"/health"},"timestamp":"2025-08-12T05:20:30.823Z"}
{"level":"info","message":{"file":"91","function":"/health","level":"info","message":"Health check endpoint hit","timestamp":"2025-08-12T05:21:01.998Z"},"timestamp":"2025-08-12T05:21:01.999Z"}
{"level":"info","message":{"file":"index.js","function":"requestLogger","ip":"::1","level":"info","message":">>>>> HTTP GET Request recieved at /health URL with payload {}>>>>>","method":"GET","statusCode":200,"timestamp":"2025-08-12T05:21:01.999Z","url":"/health"},"timestamp":"2025-08-12T05:21:01.999Z"}
{"level":"info","message":{"file":"index.js","function":"requestLogger","ip":"::1","level":"info","message":">>>>> HTTP GET Request recieved at /health URL with payload {}>>>>>","method":"GET","statusCode":200,"timestamp":"2025-08-12T05:21:02.000Z","url":"/health"},"timestamp":"2025-08-12T05:21:02.000Z"}
{"level":"info","message":{"file":"91","function":"/health","level":"info","message":"Health check endpoint hit","timestamp":"2025-08-12T05:21:33.272Z"},"timestamp":"2025-08-12T05:21:33.272Z"}
{"level":"info","message":{"file":"index.js","function":"requestLogger","ip":"::1","level":"info","message":">>>>> HTTP GET Request recieved at /health URL with payload {}>>>>>","method":"GET","statusCode":200,"timestamp":"2025-08-12T05:21:33.273Z","url":"/health"},"timestamp":"2025-08-12T05:21:33.273Z"}
{"level":"info","message":{"file":"index.js","function":"requestLogger","ip":"::1","level":"info","message":">>>>> HTTP GET Request recieved at /health URL with payload {}>>>>>","method":"GET","statusCode":200,"timestamp":"2025-08-12T05:21:33.273Z","url":"/health"},"timestamp":"2025-08-12T05:21:33.274Z"}
{"level":"info","message":{"file":"91","function":"/health","level":"info","message":"Health check endpoint hit","timestamp":"2025-08-12T05:22:04.630Z"},"timestamp":"2025-08-12T05:22:04.630Z"}
{"level":"info","message":{"file":"index.js","function":"requestLogger","ip":"::1","level":"info","message":">>>>> HTTP GET Request recieved at /health URL with payload {}>>>>>","method":"GET","statusCode":200,"timestamp":"2025-08-12T05:22:04.631Z","url":"/health"},"timestamp":"2025-08-12T05:22:04.632Z"}
{"level":"info","message":{"file":"index.js","function":"requestLogger","ip":"::1","level":"info","message":">>>>> HTTP GET Request recieved at /health URL with payload {}>>>>>","method":"GET","statusCode":200,"timestamp":"2025-08-12T05:22:04.632Z","url":"/health"},"timestamp":"2025-08-12T05:22:04.633Z"}
{"level":"info","message":{"file":"91","function":"/health","level":"info","message":"Health check endpoint hit","timestamp":"2025-08-12T05:22:35.996Z"},"timestamp":"2025-08-12T05:22:35.996Z"}
{"level":"info","message":{"file":"index.js","function":"requestLogger","ip":"::1","level":"info","message":">>>>> HTTP GET Request recieved at /health URL with payload {}>>>>>","method":"GET","statusCode":200,"timestamp":"2025-08-12T05:22:35.997Z","url":"/health"},"timestamp":"2025-08-12T05:22:35.997Z"}
{"level":"info","message":{"file":"index.js","function":"requestLogger","ip":"::1","level":"info","message":">>>>> HTTP GET Request recieved at /health URL with payload {}>>>>>","method":"GET","statusCode":200,"timestamp":"2025-08-12T05:22:35.997Z","url":"/health"},"timestamp":"2025-08-12T05:22:35.998Z"}
{"level":"info","message":{"file":"91","function":"/health","level":"info","message":"Health check endpoint hit","timestamp":"2025-08-12T05:23:07.257Z"},"timestamp":"2025-08-12T05:23:07.257Z"}
{"level":"info","message":{"file":"index.js","function":"requestLogger","ip":"::1","level":"info","message":">>>>> HTTP GET Request recieved at /health URL with payload {}>>>>>","method":"GET","statusCode":200,"timestamp":"2025-08-12T05:23:07.258Z","url":"/health"},"timestamp":"2025-08-12T05:23:07.258Z"}
{"level":"info","message":{"file":"index.js","function":"requestLogger","ip":"::1","level":"info","message":">>>>> HTTP GET Request recieved at /health URL with payload {}>>>>>","method":"GET","statusCode":200,"timestamp":"2025-08-12T05:23:07.258Z","url":"/health"},"timestamp":"2025-08-12T05:23:07.258Z"}
{"level":"info","message":{"file":"91","function":"/health","level":"info","message":"Health check endpoint hit","timestamp":"2025-08-12T05:23:38.536Z"},"timestamp":"2025-08-12T05:23:38.536Z"}
{"level":"info","message":{"file":"index.js","function":"requestLogger","ip":"::1","level":"info","message":">>>>> HTTP GET Request recieved at /health URL with payload {}>>>>>","method":"GET","statusCode":200,"timestamp":"2025-08-12T05:23:38.537Z","url":"/health"},"timestamp":"2025-08-12T05:23:38.537Z"}
{"level":"info","message":{"file":"index.js","function":"requestLogger","ip":"::1","level":"info","message":">>>>> HTTP GET Request recieved at /health URL with payload {}>>>>>","method":"GET","statusCode":200,"timestamp":"2025-08-12T05:23:38.537Z","url":"/health"},"timestamp":"2025-08-12T05:23:38.537Z"}
{"level":"info","message":{"file":"91","function":"/health","level":"info","message":"Health check endpoint hit","timestamp":"2025-08-12T05:24:09.871Z"},"timestamp":"2025-08-12T05:24:09.871Z"}
{"level":"info","message":{"file":"index.js","function":"requestLogger","ip":"::1","level":"info","message":">>>>> HTTP GET Request recieved at /health URL with payload {}>>>>>","method":"GET","statusCode":200,"timestamp":"2025-08-12T05:24:09.872Z","url":"/health"},"timestamp":"2025-08-12T05:24:09.872Z"}
{"level":"info","message":{"file":"index.js","function":"requestLogger","ip":"::1","level":"info","message":">>>>> HTTP GET Request recieved at /health URL with payload {}>>>>>","method":"GET","statusCode":200,"timestamp":"2025-08-12T05:24:09.872Z","url":"/health"},"timestamp":"2025-08-12T05:24:09.872Z"}
{"level":"info","message":{"file":"91","function":"/health","level":"info","message":"Health check endpoint hit","timestamp":"2025-08-12T05:24:41.229Z"},"timestamp":"2025-08-12T05:24:41.229Z"}
{"level":"info","message":{"file":"index.js","function":"requestLogger","ip":"::1","level":"info","message":">>>>> HTTP GET Request recieved at /health URL with payload {}>>>>>","method":"GET","statusCode":200,"timestamp":"2025-08-12T05:24:41.230Z","url":"/health"},"timestamp":"2025-08-12T05:24:41.230Z"}
{"level":"info","message":{"file":"index.js","function":"requestLogger","ip":"::1","level":"info","message":">>>>> HTTP GET Request recieved at /health URL with payload {}>>>>>","method":"GET","statusCode":200,"timestamp":"2025-08-12T05:24:41.231Z","url":"/health"},"timestamp":"2025-08-12T05:24:41.231Z"}
{"level":"info","message":{"file":"91","function":"/health","level":"info","message":"Health check endpoint hit","timestamp":"2025-08-12T05:25:12.517Z"},"timestamp":"2025-08-12T05:25:12.518Z"}
{"level":"info","message":{"file":"index.js","function":"requestLogger","ip":"::1","level":"info","message":">>>>> HTTP GET Request recieved at /health URL with payload {}>>>>>","method":"GET","statusCode":200,"timestamp":"2025-08-12T05:25:12.518Z","url":"/health"},"timestamp":"2025-08-12T05:25:12.518Z"}
{"level":"info","message":{"file":"index.js","function":"requestLogger","ip":"::1","level":"info","message":">>>>> HTTP GET Request recieved at /health URL with payload {}>>>>>","method":"GET","statusCode":200,"timestamp":"2025-08-12T05:25:12.519Z","url":"/health"},"timestamp":"2025-08-12T05:25:12.519Z"}
{"level":"info","message":{"file":"91","function":"/health","level":"info","message":"Health check endpoint hit","timestamp":"2025-08-12T05:25:43.861Z"},"timestamp":"2025-08-12T05:25:43.862Z"}
{"level":"info","message":{"file":"index.js","function":"requestLogger","ip":"::1","level":"info","message":">>>>> HTTP GET Request recieved at /health URL with payload {}>>>>>","method":"GET","statusCode":200,"timestamp":"2025-08-12T05:25:43.862Z","url":"/health"},"timestamp":"2025-08-12T05:25:43.863Z"}
{"level":"info","message":{"file":"index.js","function":"requestLogger","ip":"::1","level":"info","message":">>>>> HTTP GET Request recieved at /health URL with payload {}>>>>>","method":"GET","statusCode":200,"timestamp":"2025-08-12T05:25:43.863Z","url":"/health"},"timestamp":"2025-08-12T05:25:43.863Z"}
{"level":"info","message":{"file":"91","function":"/health","level":"info","message":"Health check endpoint hit","timestamp":"2025-08-12T05:26:15.283Z"},"timestamp":"2025-08-12T05:26:15.284Z"}
{"level":"info","message":{"file":"index.js","function":"requestLogger","ip":"::1","level":"info","message":">>>>> HTTP GET Request recieved at /health URL with payload {}>>>>>","method":"GET","statusCode":200,"timestamp":"2025-08-12T05:26:15.285Z","url":"/health"},"timestamp":"2025-08-12T05:26:15.285Z"}
{"level":"info","message":{"file":"index.js","function":"requestLogger","ip":"::1","level":"info","message":">>>>> HTTP GET Request recieved at /health URL with payload {}>>>>>","method":"GET","statusCode":200,"timestamp":"2025-08-12T05:26:15.285Z","url":"/health"},"timestamp":"2025-08-12T05:26:15.285Z"}
